"","quantile","time","axis","Units","value","Season","YearGroup","Year"
"1","quantile_0.05",1,"km_E","Estimate",-386.116871558552,"Spring",1,1990
"2","quantile_0.5",1,"km_E","Estimate",-136.116871558553,"Spring",1,1990
"3","quantile_0.95",1,"km_E","Estimate",813.883128441447,"Spring",1,1990
"4","quantile_0.05",2,"km_E","Estimate",-361.116871558553,"Summer",1,1990
"5","quantile_0.5",2,"km_E","Estimate",-211.116871558552,"Summer",1,1990
"6","quantile_0.95",2,"km_E","Estimate",538.883128441447,"Summer",1,1990
"7","quantile_0.05",3,"km_E","Estimate",-411.116871558553,"Fall",1,1990
"8","quantile_0.5",3,"km_E","Estimate",38.8831284414477,"Fall",1,1990
"9","quantile_0.95",3,"km_E","Estimate",888.883128441447,"Fall",1,1990
"10","quantile_0.05",4,"km_E","Estimate",-411.116871558552,"Spring",2,1991
"11","quantile_0.5",4,"km_E","Estimate",113.883128441447,"Spring",2,1991
"12","quantile_0.95",4,"km_E","Estimate",788.883128441447,"Spring",2,1991
"13","quantile_0.05",5,"km_E","Estimate",-311.116871558553,"Summer",2,1991
"14","quantile_0.5",5,"km_E","Estimate",63.8831284414474,"Summer",2,1991
"15","quantile_0.95",5,"km_E","Estimate",1013.88312844145,"Summer",2,1991
"16","quantile_0.05",6,"km_E","Estimate",-311.116871558553,"Fall",2,1991
"17","quantile_0.5",6,"km_E","Estimate",38.8831284414476,"Fall",2,1991
"18","quantile_0.95",6,"km_E","Estimate",813.883128441447,"Fall",2,1991
"19","quantile_0.05",7,"km_E","Estimate",-411.116871558553,"Spring",3,1992
"20","quantile_0.5",7,"km_E","Estimate",38.8831284414477,"Spring",3,1992
"21","quantile_0.95",7,"km_E","Estimate",963.883128441447,"Spring",3,1992
"22","quantile_0.05",8,"km_E","Estimate",-386.116871558554,"Summer",3,1992
"23","quantile_0.5",8,"km_E","Estimate",88.8831284414469,"Summer",3,1992
"24","quantile_0.95",8,"km_E","Estimate",588.883128441447,"Summer",3,1992
"25","quantile_0.05",9,"km_E","Estimate",-311.116871558552,"Fall",3,1992
"26","quantile_0.5",9,"km_E","Estimate",-161.116871558552,"Fall",3,1992
"27","quantile_0.95",9,"km_E","Estimate",863.883128441447,"Fall",3,1992
"28","quantile_0.05",10,"km_E","Estimate",-436.116871558553,"Spring",4,1993
"29","quantile_0.5",10,"km_E","Estimate",63.8831284414471,"Spring",4,1993
"30","quantile_0.95",10,"km_E","Estimate",788.883128441447,"Spring",4,1993
"31","quantile_0.05",11,"km_E","Estimate",-361.116871558553,"Summer",4,1993
"32","quantile_0.5",11,"km_E","Estimate",113.883128441447,"Summer",4,1993
"33","quantile_0.95",11,"km_E","Estimate",938.883128441447,"Summer",4,1993
"34","quantile_0.05",12,"km_E","Estimate",-311.116871558552,"Fall",4,1993
"35","quantile_0.5",12,"km_E","Estimate",88.8831284414474,"Fall",4,1993
"36","quantile_0.95",12,"km_E","Estimate",763.883128441447,"Fall",4,1993
"37","quantile_0.05",13,"km_E","Estimate",-361.116871558553,"Spring",5,1994
"38","quantile_0.5",13,"km_E","Estimate",38.8831284414476,"Spring",5,1994
"39","quantile_0.95",13,"km_E","Estimate",863.883128441447,"Spring",5,1994
"40","quantile_0.05",14,"km_E","Estimate",-386.116871558553,"Summer",5,1994
"41","quantile_0.5",14,"km_E","Estimate",88.8831284414469,"Summer",5,1994
"42","quantile_0.95",14,"km_E","Estimate",813.883128441447,"Summer",5,1994
"43","quantile_0.05",15,"km_E","Estimate",-336.116871558553,"Fall",5,1994
"44","quantile_0.5",15,"km_E","Estimate",88.8831284414469,"Fall",5,1994
"45","quantile_0.95",15,"km_E","Estimate",813.883128441447,"Fall",5,1994
"46","quantile_0.05",16,"km_E","Estimate",-386.116871558553,"Spring",6,1995
"47","quantile_0.5",16,"km_E","Estimate",88.8831284414469,"Spring",6,1995
"48","quantile_0.95",16,"km_E","Estimate",763.883128441447,"Spring",6,1995
"49","quantile_0.05",17,"km_E","Estimate",-436.116871558553,"Summer",6,1995
"50","quantile_0.5",17,"km_E","Estimate",88.8831284414468,"Summer",6,1995
"51","quantile_0.95",17,"km_E","Estimate",788.883128441447,"Summer",6,1995
"52","quantile_0.05",18,"km_E","Estimate",-361.116871558552,"Fall",6,1995
"53","quantile_0.5",18,"km_E","Estimate",88.8831284414471,"Fall",6,1995
"54","quantile_0.95",18,"km_E","Estimate",763.883128441447,"Fall",6,1995
"55","quantile_0.05",19,"km_E","Estimate",-361.116871558553,"Spring",7,1996
"56","quantile_0.5",19,"km_E","Estimate",-111.116871558552,"Spring",7,1996
"57","quantile_0.95",19,"km_E","Estimate",613.883128441447,"Spring",7,1996
"58","quantile_0.05",20,"km_E","Estimate",-386.116871558554,"Summer",7,1996
"59","quantile_0.5",20,"km_E","Estimate",88.8831284414473,"Summer",7,1996
"60","quantile_0.95",20,"km_E","Estimate",838.883128441447,"Summer",7,1996
"61","quantile_0.05",21,"km_E","Estimate",-336.116871558553,"Fall",7,1996
"62","quantile_0.5",21,"km_E","Estimate",63.883128441447,"Fall",7,1996
"63","quantile_0.95",21,"km_E","Estimate",763.883128441447,"Fall",7,1996
"64","quantile_0.05",22,"km_E","Estimate",-361.116871558553,"Spring",8,1997
"65","quantile_0.5",22,"km_E","Estimate",-11.116871558553,"Spring",8,1997
"66","quantile_0.95",22,"km_E","Estimate",588.883128441447,"Spring",8,1997
"67","quantile_0.05",23,"km_E","Estimate",-411.116871558552,"Summer",8,1997
"68","quantile_0.5",23,"km_E","Estimate",63.8831284414474,"Summer",8,1997
"69","quantile_0.95",23,"km_E","Estimate",963.883128441447,"Summer",8,1997
"70","quantile_0.05",24,"km_E","Estimate",-436.116871558552,"Fall",8,1997
"71","quantile_0.5",24,"km_E","Estimate",38.8831284414477,"Fall",8,1997
"72","quantile_0.95",24,"km_E","Estimate",863.883128441447,"Fall",8,1997
"73","quantile_0.05",25,"km_E","Estimate",-386.116871558553,"Spring",9,1998
"74","quantile_0.5",25,"km_E","Estimate",-86.1168715585526,"Spring",9,1998
"75","quantile_0.95",25,"km_E","Estimate",763.883128441447,"Spring",9,1998
"76","quantile_0.05",26,"km_E","Estimate",-411.116871558552,"Summer",9,1998
"77","quantile_0.5",26,"km_E","Estimate",-111.116871558553,"Summer",9,1998
"78","quantile_0.95",26,"km_E","Estimate",563.883128441447,"Summer",9,1998
"79","quantile_0.05",27,"km_E","Estimate",-411.116871558553,"Fall",9,1998
"80","quantile_0.5",27,"km_E","Estimate",138.883128441447,"Fall",9,1998
"81","quantile_0.95",27,"km_E","Estimate",888.883128441447,"Fall",9,1998
"82","quantile_0.05",28,"km_E","Estimate",-436.116871558553,"Spring",10,1999
"83","quantile_0.5",28,"km_E","Estimate",113.883128441447,"Spring",10,1999
"84","quantile_0.95",28,"km_E","Estimate",913.883128441447,"Spring",10,1999
"85","quantile_0.05",29,"km_E","Estimate",-461.116871558553,"Summer",10,1999
"86","quantile_0.5",29,"km_E","Estimate",38.8831284414477,"Summer",10,1999
"87","quantile_0.95",29,"km_E","Estimate",913.883128441447,"Summer",10,1999
"88","quantile_0.05",30,"km_E","Estimate",-461.116871558552,"Fall",10,1999
"89","quantile_0.5",30,"km_E","Estimate",-161.116871558552,"Fall",10,1999
"90","quantile_0.95",30,"km_E","Estimate",763.883128441447,"Fall",10,1999
"91","quantile_0.05",31,"km_E","Estimate",-361.116871558553,"Spring",11,2000
"92","quantile_0.5",31,"km_E","Estimate",88.8831284414469,"Spring",11,2000
"93","quantile_0.95",31,"km_E","Estimate",863.883128441447,"Spring",11,2000
"94","quantile_0.05",32,"km_E","Estimate",-436.116871558553,"Summer",11,2000
"95","quantile_0.5",32,"km_E","Estimate",-11.1168715585527,"Summer",11,2000
"96","quantile_0.95",32,"km_E","Estimate",788.883128441447,"Summer",11,2000
"97","quantile_0.05",33,"km_E","Estimate",-436.116871558553,"Fall",11,2000
"98","quantile_0.5",33,"km_E","Estimate",38.8831284414477,"Fall",11,2000
"99","quantile_0.95",33,"km_E","Estimate",738.883128441447,"Fall",11,2000
"100","quantile_0.05",34,"km_E","Estimate",-361.116871558554,"Spring",12,2001
"101","quantile_0.5",34,"km_E","Estimate",13.8831284414476,"Spring",12,2001
"102","quantile_0.95",34,"km_E","Estimate",738.883128441447,"Spring",12,2001
"103","quantile_0.05",35,"km_E","Estimate",-361.116871558553,"Summer",12,2001
"104","quantile_0.5",35,"km_E","Estimate",-161.116871558552,"Summer",12,2001
"105","quantile_0.95",35,"km_E","Estimate",588.883128441447,"Summer",12,2001
"106","quantile_0.05",36,"km_E","Estimate",-436.116871558553,"Fall",12,2001
"107","quantile_0.5",36,"km_E","Estimate",38.8831284414477,"Fall",12,2001
"108","quantile_0.95",36,"km_E","Estimate",788.883128441447,"Fall",12,2001
"109","quantile_0.05",37,"km_E","Estimate",-461.116871558552,"Spring",13,2002
"110","quantile_0.5",37,"km_E","Estimate",63.883128441447,"Spring",13,2002
"111","quantile_0.95",37,"km_E","Estimate",863.883128441447,"Spring",13,2002
"112","quantile_0.05",38,"km_E","Estimate",-411.116871558553,"Summer",13,2002
"113","quantile_0.5",38,"km_E","Estimate",13.8831284414468,"Summer",13,2002
"114","quantile_0.95",38,"km_E","Estimate",738.883128441447,"Summer",13,2002
"115","quantile_0.05",39,"km_E","Estimate",-436.116871558553,"Fall",13,2002
"116","quantile_0.5",39,"km_E","Estimate",38.8831284414477,"Fall",13,2002
"117","quantile_0.95",39,"km_E","Estimate",863.883128441447,"Fall",13,2002
"118","quantile_0.05",40,"km_E","Estimate",-361.116871558554,"Spring",14,2003
"119","quantile_0.5",40,"km_E","Estimate",-136.116871558553,"Spring",14,2003
"120","quantile_0.95",40,"km_E","Estimate",563.883128441447,"Spring",14,2003
"121","quantile_0.05",41,"km_E","Estimate",-411.116871558553,"Summer",14,2003
"122","quantile_0.5",41,"km_E","Estimate",63.8831284414474,"Summer",14,2003
"123","quantile_0.95",41,"km_E","Estimate",888.883128441447,"Summer",14,2003
"124","quantile_0.05",42,"km_E","Estimate",-461.116871558552,"Fall",14,2003
"125","quantile_0.5",42,"km_E","Estimate",-86.1168715585526,"Fall",14,2003
"126","quantile_0.95",42,"km_E","Estimate",863.883128441447,"Fall",14,2003
"127","quantile_0.05",43,"km_E","Estimate",-411.116871558553,"Spring",15,2004
"128","quantile_0.5",43,"km_E","Estimate",-11.1168715585528,"Spring",15,2004
"129","quantile_0.95",43,"km_E","Estimate",913.883128441447,"Spring",15,2004
"130","quantile_0.05",44,"km_E","Estimate",-436.116871558553,"Summer",15,2004
"131","quantile_0.5",44,"km_E","Estimate",113.883128441447,"Summer",15,2004
"132","quantile_0.95",44,"km_E","Estimate",938.883128441447,"Summer",15,2004
"133","quantile_0.05",45,"km_E","Estimate",-436.116871558553,"Fall",15,2004
"134","quantile_0.5",45,"km_E","Estimate",88.8831284414469,"Fall",15,2004
"135","quantile_0.95",45,"km_E","Estimate",888.883128441447,"Fall",15,2004
"136","quantile_0.05",46,"km_E","Estimate",-386.116871558552,"Spring",16,2005
"137","quantile_0.5",46,"km_E","Estimate",13.8831284414469,"Spring",16,2005
"138","quantile_0.95",46,"km_E","Estimate",763.883128441447,"Spring",16,2005
"139","quantile_0.05",47,"km_E","Estimate",-461.116871558552,"Summer",16,2005
"140","quantile_0.5",47,"km_E","Estimate",-186.116871558553,"Summer",16,2005
"141","quantile_0.95",47,"km_E","Estimate",788.883128441447,"Summer",16,2005
"142","quantile_0.05",48,"km_E","Estimate",-461.116871558552,"Fall",16,2005
"143","quantile_0.5",48,"km_E","Estimate",-186.116871558553,"Fall",16,2005
"144","quantile_0.95",48,"km_E","Estimate",738.883128441447,"Fall",16,2005
"145","quantile_0.05",49,"km_E","Estimate",-436.116871558553,"Spring",17,2006
"146","quantile_0.5",49,"km_E","Estimate",63.883128441447,"Spring",17,2006
"147","quantile_0.95",49,"km_E","Estimate",488.883128441447,"Spring",17,2006
"148","quantile_0.05",50,"km_E","Estimate",-436.116871558553,"Summer",17,2006
"149","quantile_0.5",50,"km_E","Estimate",63.8831284414471,"Summer",17,2006
"150","quantile_0.95",50,"km_E","Estimate",913.883128441447,"Summer",17,2006
"151","quantile_0.05",51,"km_E","Estimate",-386.116871558553,"Fall",17,2006
"152","quantile_0.5",51,"km_E","Estimate",63.883128441447,"Fall",17,2006
"153","quantile_0.95",51,"km_E","Estimate",963.883128441447,"Fall",17,2006
"154","quantile_0.05",52,"km_E","Estimate",-461.116871558553,"Spring",18,2007
"155","quantile_0.5",52,"km_E","Estimate",88.8831284414473,"Spring",18,2007
"156","quantile_0.95",52,"km_E","Estimate",963.883128441447,"Spring",18,2007
"157","quantile_0.05",53,"km_E","Estimate",-386.116871558553,"Summer",18,2007
"158","quantile_0.5",53,"km_E","Estimate",88.8831284414474,"Summer",18,2007
"159","quantile_0.95",53,"km_E","Estimate",963.883128441447,"Summer",18,2007
"160","quantile_0.05",54,"km_E","Estimate",-361.116871558553,"Fall",18,2007
"161","quantile_0.5",54,"km_E","Estimate",13.8831284414475,"Fall",18,2007
"162","quantile_0.95",54,"km_E","Estimate",863.883128441447,"Fall",18,2007
"163","quantile_0.05",55,"km_E","Estimate",-461.116871558552,"Spring",19,2008
"164","quantile_0.5",55,"km_E","Estimate",38.8831284414476,"Spring",19,2008
"165","quantile_0.95",55,"km_E","Estimate",888.883128441447,"Spring",19,2008
"166","quantile_0.05",56,"km_E","Estimate",-411.116871558553,"Summer",19,2008
"167","quantile_0.5",56,"km_E","Estimate",13.8831284414475,"Summer",19,2008
"168","quantile_0.95",56,"km_E","Estimate",888.883128441447,"Summer",19,2008
"169","quantile_0.05",57,"km_E","Estimate",-411.116871558552,"Fall",19,2008
"170","quantile_0.5",57,"km_E","Estimate",113.883128441447,"Fall",19,2008
"171","quantile_0.95",57,"km_E","Estimate",913.883128441447,"Fall",19,2008
"172","quantile_0.05",58,"km_E","Estimate",-361.116871558553,"Spring",20,2009
"173","quantile_0.5",58,"km_E","Estimate",13.8831284414474,"Spring",20,2009
"174","quantile_0.95",58,"km_E","Estimate",838.883128441447,"Spring",20,2009
"175","quantile_0.05",59,"km_E","Estimate",-436.116871558553,"Summer",20,2009
"176","quantile_0.5",59,"km_E","Estimate",-136.116871558553,"Summer",20,2009
"177","quantile_0.95",59,"km_E","Estimate",888.883128441447,"Summer",20,2009
"178","quantile_0.05",60,"km_E","Estimate",-386.116871558553,"Fall",20,2009
"179","quantile_0.5",60,"km_E","Estimate",63.8831284414471,"Fall",20,2009
"180","quantile_0.95",60,"km_E","Estimate",913.883128441447,"Fall",20,2009
"181","quantile_0.05",61,"km_E","Estimate",-436.116871558553,"Spring",21,2010
"182","quantile_0.5",61,"km_E","Estimate",63.883128441447,"Spring",21,2010
"183","quantile_0.95",61,"km_E","Estimate",1013.88312844145,"Spring",21,2010
"184","quantile_0.05",62,"km_E","Estimate",-386.116871558553,"Summer",21,2010
"185","quantile_0.5",62,"km_E","Estimate",-36.1168715585528,"Summer",21,2010
"186","quantile_0.95",62,"km_E","Estimate",913.883128441447,"Summer",21,2010
"187","quantile_0.05",63,"km_E","Estimate",-436.116871558553,"Fall",21,2010
"188","quantile_0.5",63,"km_E","Estimate",38.8831284414475,"Fall",21,2010
"189","quantile_0.95",63,"km_E","Estimate",838.883128441447,"Fall",21,2010
"190","quantile_0.05",64,"km_E","Estimate",-411.116871558553,"Spring",22,2011
"191","quantile_0.5",64,"km_E","Estimate",88.8831284414474,"Spring",22,2011
"192","quantile_0.95",64,"km_E","Estimate",1013.88312844145,"Spring",22,2011
"193","quantile_0.05",65,"km_E","Estimate",-386.116871558553,"Summer",22,2011
"194","quantile_0.5",65,"km_E","Estimate",38.883128441447,"Summer",22,2011
"195","quantile_0.95",65,"km_E","Estimate",788.883128441447,"Summer",22,2011
"196","quantile_0.05",66,"km_E","Estimate",-411.116871558553,"Fall",22,2011
"197","quantile_0.5",66,"km_E","Estimate",13.8831284414472,"Fall",22,2011
"198","quantile_0.95",66,"km_E","Estimate",913.883128441447,"Fall",22,2011
"199","quantile_0.05",67,"km_E","Estimate",-436.116871558553,"Spring",23,2012
"200","quantile_0.5",67,"km_E","Estimate",138.883128441447,"Spring",23,2012
"201","quantile_0.95",67,"km_E","Estimate",1013.88312844145,"Spring",23,2012
"202","quantile_0.05",68,"km_E","Estimate",-461.116871558552,"Summer",23,2012
"203","quantile_0.5",68,"km_E","Estimate",38.8831284414472,"Summer",23,2012
"204","quantile_0.95",68,"km_E","Estimate",913.883128441447,"Summer",23,2012
"205","quantile_0.05",69,"km_E","Estimate",-386.116871558553,"Fall",23,2012
"206","quantile_0.5",69,"km_E","Estimate",63.8831284414471,"Fall",23,2012
"207","quantile_0.95",69,"km_E","Estimate",1013.88312844145,"Fall",23,2012
"208","quantile_0.05",70,"km_E","Estimate",-411.116871558553,"Spring",24,2013
"209","quantile_0.5",70,"km_E","Estimate",38.8831284414477,"Spring",24,2013
"210","quantile_0.95",70,"km_E","Estimate",1013.88312844145,"Spring",24,2013
"211","quantile_0.05",71,"km_E","Estimate",-436.116871558553,"Summer",24,2013
"212","quantile_0.5",71,"km_E","Estimate",138.883128441448,"Summer",24,2013
"213","quantile_0.95",71,"km_E","Estimate",1088.88312844145,"Summer",24,2013
"214","quantile_0.05",72,"km_E","Estimate",-436.116871558553,"Fall",24,2013
"215","quantile_0.5",72,"km_E","Estimate",138.883128441447,"Fall",24,2013
"216","quantile_0.95",72,"km_E","Estimate",1013.88312844145,"Fall",24,2013
"217","quantile_0.05",73,"km_E","Estimate",-436.116871558553,"Spring",25,2014
"218","quantile_0.5",73,"km_E","Estimate",238.883128441447,"Spring",25,2014
"219","quantile_0.95",73,"km_E","Estimate",938.883128441447,"Spring",25,2014
"220","quantile_0.05",74,"km_E","Estimate",-411.116871558553,"Summer",25,2014
"221","quantile_0.5",74,"km_E","Estimate",238.883128441447,"Summer",25,2014
"222","quantile_0.95",74,"km_E","Estimate",1013.88312844145,"Summer",25,2014
"223","quantile_0.05",75,"km_E","Estimate",-436.116871558553,"Fall",25,2014
"224","quantile_0.5",75,"km_E","Estimate",238.883128441447,"Fall",25,2014
"225","quantile_0.95",75,"km_E","Estimate",913.883128441447,"Fall",25,2014
"226","quantile_0.05",76,"km_E","Estimate",-336.116871558553,"Spring",26,2015
"227","quantile_0.5",76,"km_E","Estimate",188.883128441448,"Spring",26,2015
"228","quantile_0.95",76,"km_E","Estimate",913.883128441447,"Spring",26,2015
"229","quantile_0.05",77,"km_E","Estimate",-361.116871558554,"Summer",26,2015
"230","quantile_0.5",77,"km_E","Estimate",63.8831284414474,"Summer",26,2015
"231","quantile_0.95",77,"km_E","Estimate",1013.88312844145,"Summer",26,2015
"232","quantile_0.05",78,"km_E","Estimate",-436.116871558553,"Fall",26,2015
"233","quantile_0.5",78,"km_E","Estimate",188.883128441447,"Fall",26,2015
"234","quantile_0.95",78,"km_E","Estimate",1013.88312844145,"Fall",26,2015
"235","quantile_0.05",79,"km_E","Estimate",-361.116871558553,"Spring",27,2016
"236","quantile_0.5",79,"km_E","Estimate",163.883128441447,"Spring",27,2016
"237","quantile_0.95",79,"km_E","Estimate",988.883128441447,"Spring",27,2016
"238","quantile_0.05",80,"km_E","Estimate",-436.116871558553,"Summer",27,2016
"239","quantile_0.5",80,"km_E","Estimate",138.883128441447,"Summer",27,2016
"240","quantile_0.95",80,"km_E","Estimate",738.883128441447,"Summer",27,2016
"241","quantile_0.05",81,"km_E","Estimate",-361.116871558553,"Fall",27,2016
"242","quantile_0.5",81,"km_E","Estimate",138.883128441447,"Fall",27,2016
"243","quantile_0.95",81,"km_E","Estimate",1038.88312844145,"Fall",27,2016
"244","quantile_0.05",82,"km_E","Estimate",-336.116871558553,"Spring",28,2017
"245","quantile_0.5",82,"km_E","Estimate",163.883128441447,"Spring",28,2017
"246","quantile_0.95",82,"km_E","Estimate",1063.88312844145,"Spring",28,2017
"247","quantile_0.05",83,"km_E","Estimate",-436.116871558553,"Summer",28,2017
"248","quantile_0.5",83,"km_E","Estimate",138.883128441448,"Summer",28,2017
"249","quantile_0.95",83,"km_E","Estimate",938.883128441447,"Summer",28,2017
"250","quantile_0.05",84,"km_E","Estimate",-336.116871558553,"Fall",28,2017
"251","quantile_0.5",84,"km_E","Estimate",138.883128441447,"Fall",28,2017
"252","quantile_0.95",84,"km_E","Estimate",988.883128441447,"Fall",28,2017
"253","quantile_0.05",85,"km_E","Estimate",-336.116871558553,"Spring",29,2018
"254","quantile_0.5",85,"km_E","Estimate",88.8831284414475,"Spring",29,2018
"255","quantile_0.95",85,"km_E","Estimate",988.883128441447,"Spring",29,2018
"256","quantile_0.05",86,"km_E","Estimate",-411.116871558553,"Summer",29,2018
"257","quantile_0.5",86,"km_E","Estimate",263.883128441447,"Summer",29,2018
"258","quantile_0.95",86,"km_E","Estimate",1038.88312844145,"Summer",29,2018
"259","quantile_0.05",87,"km_E","Estimate",-286.116871558554,"Fall",29,2018
"260","quantile_0.5",87,"km_E","Estimate",288.883128441447,"Fall",29,2018
"261","quantile_0.95",87,"km_E","Estimate",1038.88312844145,"Fall",29,2018
"262","quantile_0.05",88,"km_E","Estimate",-411.116871558553,"Spring",30,2019
"263","quantile_0.5",88,"km_E","Estimate",263.883128441447,"Spring",30,2019
"264","quantile_0.95",88,"km_E","Estimate",1013.88312844145,"Spring",30,2019
"265","quantile_0.05",89,"km_E","Estimate",-486.116871558554,"Summer",30,2019
"266","quantile_0.5",89,"km_E","Estimate",88.8831284414475,"Summer",30,2019
"267","quantile_0.95",89,"km_E","Estimate",888.883128441447,"Summer",30,2019
"268","quantile_0.05",90,"km_E","Estimate",-336.116871558553,"Fall",30,2019
"269","quantile_0.5",90,"km_E","Estimate",163.883128441447,"Fall",30,2019
"270","quantile_0.95",90,"km_E","Estimate",1038.88312844145,"Fall",30,2019
"271","quantile_0.05",91,"km_E","Estimate",-386.116871558553,"Spring",31,2020
"272","quantile_0.5",91,"km_E","Estimate",138.883128441447,"Spring",31,2020
"273","quantile_0.95",91,"km_E","Estimate",1113.88312844145,"Spring",31,2020
"274","quantile_0.05",92,"km_E","Estimate",-461.116871558553,"Summer",31,2020
"275","quantile_0.5",92,"km_E","Estimate",213.883128441447,"Summer",31,2020
"276","quantile_0.95",92,"km_E","Estimate",938.883128441447,"Summer",31,2020
"277","quantile_0.05",93,"km_E","Estimate",-361.116871558553,"Fall",31,2020
"278","quantile_0.5",93,"km_E","Estimate",213.883128441447,"Fall",31,2020
"279","quantile_0.95",93,"km_E","Estimate",1013.88312844145,"Fall",31,2020
"280","quantile_0.05",94,"km_E","Estimate",-386.116871558552,"Spring",32,2021
"281","quantile_0.5",94,"km_E","Estimate",163.883128441447,"Spring",32,2021
"282","quantile_0.95",94,"km_E","Estimate",913.883128441447,"Spring",32,2021
"283","quantile_0.05",95,"km_E","Estimate",-311.116871558553,"Summer",32,2021
"284","quantile_0.5",95,"km_E","Estimate",313.883128441447,"Summer",32,2021
"285","quantile_0.95",95,"km_E","Estimate",1113.88312844145,"Summer",32,2021
"286","quantile_0.05",96,"km_E","Estimate",-336.116871558553,"Fall",32,2021
"287","quantile_0.5",96,"km_E","Estimate",263.883128441448,"Fall",32,2021
"288","quantile_0.95",96,"km_E","Estimate",1013.88312844145,"Fall",32,2021
"289","quantile_0.05",97,"km_E","Estimate",-361.116871558553,"Spring",33,2022
"290","quantile_0.5",97,"km_E","Estimate",263.883128441447,"Spring",33,2022
"291","quantile_0.95",97,"km_E","Estimate",1038.88312844145,"Spring",33,2022
"292","quantile_0.05",98,"km_E","Estimate",-386.116871558553,"Summer",33,2022
"293","quantile_0.5",98,"km_E","Estimate",288.883128441447,"Summer",33,2022
"294","quantile_0.95",98,"km_E","Estimate",1088.88312844145,"Summer",33,2022
"295","quantile_0.05",99,"km_E","Estimate",-361.116871558553,"Fall",33,2022
"296","quantile_0.5",99,"km_E","Estimate",263.883128441447,"Fall",33,2022
"297","quantile_0.95",99,"km_E","Estimate",1138.88312844145,"Fall",33,2022
"298","quantile_0.05",100,"km_E","Estimate",-436.116871558553,"Spring",34,2023
"299","quantile_0.5",100,"km_E","Estimate",163.883128441447,"Spring",34,2023
"300","quantile_0.95",100,"km_E","Estimate",1063.88312844145,"Spring",34,2023
"301","quantile_0.05",101,"km_E","Estimate",-436.116871558553,"Summer",34,2023
"302","quantile_0.5",101,"km_E","Estimate",163.883128441447,"Summer",34,2023
"303","quantile_0.95",101,"km_E","Estimate",963.883128441447,"Summer",34,2023
"304","quantile_0.05",102,"km_E","Estimate",-411.116871558553,"Fall",34,2023
"305","quantile_0.5",102,"km_E","Estimate",138.883128441447,"Fall",34,2023
"306","quantile_0.95",102,"km_E","Estimate",988.883128441447,"Fall",34,2023
"307","quantile_0.05",1,"km_N","Estimate",4704.13016218116,"Spring",1,1990
"308","quantile_0.5",1,"km_N","Estimate",4804.13016218116,"Spring",1,1990
"309","quantile_0.95",1,"km_N","Estimate",5054.13016218116,"Spring",1,1990
"310","quantile_0.05",2,"km_N","Estimate",4704.13016218116,"Summer",1,1990
"311","quantile_0.5",2,"km_N","Estimate",4804.13016218116,"Summer",1,1990
"312","quantile_0.95",2,"km_N","Estimate",5104.13016218116,"Summer",1,1990
"313","quantile_0.05",3,"km_N","Estimate",4729.13016218116,"Fall",1,1990
"314","quantile_0.5",3,"km_N","Estimate",4829.13016218116,"Fall",1,1990
"315","quantile_0.95",3,"km_N","Estimate",5204.13016218116,"Fall",1,1990
"316","quantile_0.05",4,"km_N","Estimate",4729.13016218116,"Spring",2,1991
"317","quantile_0.5",4,"km_N","Estimate",4854.13016218116,"Spring",2,1991
"318","quantile_0.95",4,"km_N","Estimate",5104.13016218116,"Spring",2,1991
"319","quantile_0.05",5,"km_N","Estimate",4729.13016218116,"Summer",2,1991
"320","quantile_0.5",5,"km_N","Estimate",4854.13016218116,"Summer",2,1991
"321","quantile_0.95",5,"km_N","Estimate",5229.13016218116,"Summer",2,1991
"322","quantile_0.05",6,"km_N","Estimate",4729.13016218116,"Fall",2,1991
"323","quantile_0.5",6,"km_N","Estimate",4829.13016218116,"Fall",2,1991
"324","quantile_0.95",6,"km_N","Estimate",5154.13016218116,"Fall",2,1991
"325","quantile_0.05",7,"km_N","Estimate",4729.13016218116,"Spring",3,1992
"326","quantile_0.5",7,"km_N","Estimate",4854.13016218116,"Spring",3,1992
"327","quantile_0.95",7,"km_N","Estimate",5229.13016218116,"Spring",3,1992
"328","quantile_0.05",8,"km_N","Estimate",4729.13016218116,"Summer",3,1992
"329","quantile_0.5",8,"km_N","Estimate",4879.13016218116,"Summer",3,1992
"330","quantile_0.95",8,"km_N","Estimate",5229.13016218116,"Summer",3,1992
"331","quantile_0.05",9,"km_N","Estimate",4729.13016218116,"Fall",3,1992
"332","quantile_0.5",9,"km_N","Estimate",4804.13016218116,"Fall",3,1992
"333","quantile_0.95",9,"km_N","Estimate",5029.13016218116,"Fall",3,1992
"334","quantile_0.05",10,"km_N","Estimate",4729.13016218116,"Spring",4,1993
"335","quantile_0.5",10,"km_N","Estimate",4854.13016218116,"Spring",4,1993
"336","quantile_0.95",10,"km_N","Estimate",5129.13016218116,"Spring",4,1993
"337","quantile_0.05",11,"km_N","Estimate",4729.13016218116,"Summer",4,1993
"338","quantile_0.5",11,"km_N","Estimate",4904.13016218116,"Summer",4,1993
"339","quantile_0.95",11,"km_N","Estimate",5229.13016218116,"Summer",4,1993
"340","quantile_0.05",12,"km_N","Estimate",4729.13016218116,"Fall",4,1993
"341","quantile_0.5",12,"km_N","Estimate",4879.13016218116,"Fall",4,1993
"342","quantile_0.95",12,"km_N","Estimate",5079.13016218116,"Fall",4,1993
"343","quantile_0.05",13,"km_N","Estimate",4729.13016218116,"Spring",5,1994
"344","quantile_0.5",13,"km_N","Estimate",4829.13016218116,"Spring",5,1994
"345","quantile_0.95",13,"km_N","Estimate",5154.13016218116,"Spring",5,1994
"346","quantile_0.05",14,"km_N","Estimate",4729.13016218116,"Summer",5,1994
"347","quantile_0.5",14,"km_N","Estimate",4879.13016218116,"Summer",5,1994
"348","quantile_0.95",14,"km_N","Estimate",5079.13016218116,"Summer",5,1994
"349","quantile_0.05",15,"km_N","Estimate",4729.13016218116,"Fall",5,1994
"350","quantile_0.5",15,"km_N","Estimate",4854.13016218116,"Fall",5,1994
"351","quantile_0.95",15,"km_N","Estimate",5079.13016218116,"Fall",5,1994
"352","quantile_0.05",16,"km_N","Estimate",4729.13016218116,"Spring",6,1995
"353","quantile_0.5",16,"km_N","Estimate",4829.13016218116,"Spring",6,1995
"354","quantile_0.95",16,"km_N","Estimate",5129.13016218116,"Spring",6,1995
"355","quantile_0.05",17,"km_N","Estimate",4729.13016218116,"Summer",6,1995
"356","quantile_0.5",17,"km_N","Estimate",4854.13016218116,"Summer",6,1995
"357","quantile_0.95",17,"km_N","Estimate",5129.13016218116,"Summer",6,1995
"358","quantile_0.05",18,"km_N","Estimate",4729.13016218116,"Fall",6,1995
"359","quantile_0.5",18,"km_N","Estimate",4829.13016218116,"Fall",6,1995
"360","quantile_0.95",18,"km_N","Estimate",5079.13016218116,"Fall",6,1995
"361","quantile_0.05",19,"km_N","Estimate",4729.13016218116,"Spring",7,1996
"362","quantile_0.5",19,"km_N","Estimate",4854.13016218116,"Spring",7,1996
"363","quantile_0.95",19,"km_N","Estimate",5154.13016218116,"Spring",7,1996
"364","quantile_0.05",20,"km_N","Estimate",4729.13016218116,"Summer",7,1996
"365","quantile_0.5",20,"km_N","Estimate",4854.13016218116,"Summer",7,1996
"366","quantile_0.95",20,"km_N","Estimate",5229.13016218116,"Summer",7,1996
"367","quantile_0.05",21,"km_N","Estimate",4729.13016218116,"Fall",7,1996
"368","quantile_0.5",21,"km_N","Estimate",4829.13016218116,"Fall",7,1996
"369","quantile_0.95",21,"km_N","Estimate",5229.13016218116,"Fall",7,1996
"370","quantile_0.05",22,"km_N","Estimate",4729.13016218116,"Spring",8,1997
"371","quantile_0.5",22,"km_N","Estimate",4854.13016218116,"Spring",8,1997
"372","quantile_0.95",22,"km_N","Estimate",5129.13016218116,"Spring",8,1997
"373","quantile_0.05",23,"km_N","Estimate",4729.13016218116,"Summer",8,1997
"374","quantile_0.5",23,"km_N","Estimate",4879.13016218116,"Summer",8,1997
"375","quantile_0.95",23,"km_N","Estimate",5204.13016218116,"Summer",8,1997
"376","quantile_0.05",24,"km_N","Estimate",4729.13016218116,"Fall",8,1997
"377","quantile_0.5",24,"km_N","Estimate",4854.13016218116,"Fall",8,1997
"378","quantile_0.95",24,"km_N","Estimate",5054.13016218116,"Fall",8,1997
"379","quantile_0.05",25,"km_N","Estimate",4729.13016218116,"Spring",9,1998
"380","quantile_0.5",25,"km_N","Estimate",4854.13016218116,"Spring",9,1998
"381","quantile_0.95",25,"km_N","Estimate",5079.13016218116,"Spring",9,1998
"382","quantile_0.05",26,"km_N","Estimate",4729.13016218116,"Summer",9,1998
"383","quantile_0.5",26,"km_N","Estimate",4854.13016218116,"Summer",9,1998
"384","quantile_0.95",26,"km_N","Estimate",5104.13016218116,"Summer",9,1998
"385","quantile_0.05",27,"km_N","Estimate",4754.13016218116,"Fall",9,1998
"386","quantile_0.5",27,"km_N","Estimate",4904.13016218116,"Fall",9,1998
"387","quantile_0.95",27,"km_N","Estimate",5129.13016218116,"Fall",9,1998
"388","quantile_0.05",28,"km_N","Estimate",4729.13016218116,"Spring",10,1999
"389","quantile_0.5",28,"km_N","Estimate",4904.13016218116,"Spring",10,1999
"390","quantile_0.95",28,"km_N","Estimate",5179.13016218116,"Spring",10,1999
"391","quantile_0.05",29,"km_N","Estimate",4729.13016218116,"Summer",10,1999
"392","quantile_0.5",29,"km_N","Estimate",4879.13016218116,"Summer",10,1999
"393","quantile_0.95",29,"km_N","Estimate",5229.13016218116,"Summer",10,1999
"394","quantile_0.05",30,"km_N","Estimate",4729.13016218116,"Fall",10,1999
"395","quantile_0.5",30,"km_N","Estimate",4879.13016218116,"Fall",10,1999
"396","quantile_0.95",30,"km_N","Estimate",5104.13016218116,"Fall",10,1999
"397","quantile_0.05",31,"km_N","Estimate",4729.13016218116,"Spring",11,2000
"398","quantile_0.5",31,"km_N","Estimate",4879.13016218116,"Spring",11,2000
"399","quantile_0.95",31,"km_N","Estimate",5179.13016218116,"Spring",11,2000
"400","quantile_0.05",32,"km_N","Estimate",4729.13016218116,"Summer",11,2000
"401","quantile_0.5",32,"km_N","Estimate",4854.13016218116,"Summer",11,2000
"402","quantile_0.95",32,"km_N","Estimate",5154.13016218116,"Summer",11,2000
"403","quantile_0.05",33,"km_N","Estimate",4754.13016218116,"Fall",11,2000
"404","quantile_0.5",33,"km_N","Estimate",4829.13016218116,"Fall",11,2000
"405","quantile_0.95",33,"km_N","Estimate",5129.13016218116,"Fall",11,2000
"406","quantile_0.05",34,"km_N","Estimate",4729.13016218116,"Spring",12,2001
"407","quantile_0.5",34,"km_N","Estimate",4854.13016218116,"Spring",12,2001
"408","quantile_0.95",34,"km_N","Estimate",5129.13016218116,"Spring",12,2001
"409","quantile_0.05",35,"km_N","Estimate",4729.13016218116,"Summer",12,2001
"410","quantile_0.5",35,"km_N","Estimate",4829.13016218116,"Summer",12,2001
"411","quantile_0.95",35,"km_N","Estimate",5179.13016218116,"Summer",12,2001
"412","quantile_0.05",36,"km_N","Estimate",4729.13016218116,"Fall",12,2001
"413","quantile_0.5",36,"km_N","Estimate",4879.13016218116,"Fall",12,2001
"414","quantile_0.95",36,"km_N","Estimate",5154.13016218116,"Fall",12,2001
"415","quantile_0.05",37,"km_N","Estimate",4729.13016218116,"Spring",13,2002
"416","quantile_0.5",37,"km_N","Estimate",4854.13016218116,"Spring",13,2002
"417","quantile_0.95",37,"km_N","Estimate",5179.13016218116,"Spring",13,2002
"418","quantile_0.05",38,"km_N","Estimate",4729.13016218116,"Summer",13,2002
"419","quantile_0.5",38,"km_N","Estimate",4879.13016218116,"Summer",13,2002
"420","quantile_0.95",38,"km_N","Estimate",5179.13016218116,"Summer",13,2002
"421","quantile_0.05",39,"km_N","Estimate",4729.13016218116,"Fall",13,2002
"422","quantile_0.5",39,"km_N","Estimate",4854.13016218116,"Fall",13,2002
"423","quantile_0.95",39,"km_N","Estimate",5229.13016218116,"Fall",13,2002
"424","quantile_0.05",40,"km_N","Estimate",4729.13016218116,"Spring",14,2003
"425","quantile_0.5",40,"km_N","Estimate",4854.13016218116,"Spring",14,2003
"426","quantile_0.95",40,"km_N","Estimate",5129.13016218116,"Spring",14,2003
"427","quantile_0.05",41,"km_N","Estimate",4729.13016218116,"Summer",14,2003
"428","quantile_0.5",41,"km_N","Estimate",4854.13016218116,"Summer",14,2003
"429","quantile_0.95",41,"km_N","Estimate",5204.13016218116,"Summer",14,2003
"430","quantile_0.05",42,"km_N","Estimate",4729.13016218116,"Fall",14,2003
"431","quantile_0.5",42,"km_N","Estimate",4854.13016218116,"Fall",14,2003
"432","quantile_0.95",42,"km_N","Estimate",5154.13016218116,"Fall",14,2003
"433","quantile_0.05",43,"km_N","Estimate",4729.13016218116,"Spring",15,2004
"434","quantile_0.5",43,"km_N","Estimate",4879.13016218116,"Spring",15,2004
"435","quantile_0.95",43,"km_N","Estimate",5229.13016218116,"Spring",15,2004
"436","quantile_0.05",44,"km_N","Estimate",4729.13016218116,"Summer",15,2004
"437","quantile_0.5",44,"km_N","Estimate",4904.13016218116,"Summer",15,2004
"438","quantile_0.95",44,"km_N","Estimate",5254.13016218116,"Summer",15,2004
"439","quantile_0.05",45,"km_N","Estimate",4729.13016218116,"Fall",15,2004
"440","quantile_0.5",45,"km_N","Estimate",4854.13016218116,"Fall",15,2004
"441","quantile_0.95",45,"km_N","Estimate",5204.13016218116,"Fall",15,2004
"442","quantile_0.05",46,"km_N","Estimate",4754.13016218116,"Spring",16,2005
"443","quantile_0.5",46,"km_N","Estimate",4854.13016218116,"Spring",16,2005
"444","quantile_0.95",46,"km_N","Estimate",5104.13016218116,"Spring",16,2005
"445","quantile_0.05",47,"km_N","Estimate",4729.13016218116,"Summer",16,2005
"446","quantile_0.5",47,"km_N","Estimate",4829.13016218116,"Summer",16,2005
"447","quantile_0.95",47,"km_N","Estimate",5204.13016218116,"Summer",16,2005
"448","quantile_0.05",48,"km_N","Estimate",4729.13016218116,"Fall",16,2005
"449","quantile_0.5",48,"km_N","Estimate",4854.13016218116,"Fall",16,2005
"450","quantile_0.95",48,"km_N","Estimate",5129.13016218116,"Fall",16,2005
"451","quantile_0.05",49,"km_N","Estimate",4729.13016218116,"Spring",17,2006
"452","quantile_0.5",49,"km_N","Estimate",4879.13016218116,"Spring",17,2006
"453","quantile_0.95",49,"km_N","Estimate",5154.13016218116,"Spring",17,2006
"454","quantile_0.05",50,"km_N","Estimate",4729.13016218116,"Summer",17,2006
"455","quantile_0.5",50,"km_N","Estimate",4854.13016218116,"Summer",17,2006
"456","quantile_0.95",50,"km_N","Estimate",5229.13016218116,"Summer",17,2006
"457","quantile_0.05",51,"km_N","Estimate",4729.13016218116,"Fall",17,2006
"458","quantile_0.5",51,"km_N","Estimate",4879.13016218116,"Fall",17,2006
"459","quantile_0.95",51,"km_N","Estimate",5104.13016218116,"Fall",17,2006
"460","quantile_0.05",52,"km_N","Estimate",4729.13016218116,"Spring",18,2007
"461","quantile_0.5",52,"km_N","Estimate",4879.13016218116,"Spring",18,2007
"462","quantile_0.95",52,"km_N","Estimate",5254.13016218116,"Spring",18,2007
"463","quantile_0.05",53,"km_N","Estimate",4729.13016218116,"Summer",18,2007
"464","quantile_0.5",53,"km_N","Estimate",4879.13016218116,"Summer",18,2007
"465","quantile_0.95",53,"km_N","Estimate",5254.13016218116,"Summer",18,2007
"466","quantile_0.05",54,"km_N","Estimate",4729.13016218116,"Fall",18,2007
"467","quantile_0.5",54,"km_N","Estimate",4829.13016218116,"Fall",18,2007
"468","quantile_0.95",54,"km_N","Estimate",5179.13016218116,"Fall",18,2007
"469","quantile_0.05",55,"km_N","Estimate",4729.13016218116,"Spring",19,2008
"470","quantile_0.5",55,"km_N","Estimate",4879.13016218116,"Spring",19,2008
"471","quantile_0.95",55,"km_N","Estimate",5229.13016218116,"Spring",19,2008
"472","quantile_0.05",56,"km_N","Estimate",4729.13016218116,"Summer",19,2008
"473","quantile_0.5",56,"km_N","Estimate",4829.13016218116,"Summer",19,2008
"474","quantile_0.95",56,"km_N","Estimate",5179.13016218116,"Summer",19,2008
"475","quantile_0.05",57,"km_N","Estimate",4729.13016218116,"Fall",19,2008
"476","quantile_0.5",57,"km_N","Estimate",4904.13016218116,"Fall",19,2008
"477","quantile_0.95",57,"km_N","Estimate",5154.13016218116,"Fall",19,2008
"478","quantile_0.05",58,"km_N","Estimate",4729.13016218116,"Spring",20,2009
"479","quantile_0.5",58,"km_N","Estimate",4879.13016218116,"Spring",20,2009
"480","quantile_0.95",58,"km_N","Estimate",5154.13016218116,"Spring",20,2009
"481","quantile_0.05",59,"km_N","Estimate",4729.13016218116,"Summer",20,2009
"482","quantile_0.5",59,"km_N","Estimate",4854.13016218116,"Summer",20,2009
"483","quantile_0.95",59,"km_N","Estimate",5179.13016218116,"Summer",20,2009
"484","quantile_0.05",60,"km_N","Estimate",4729.13016218116,"Fall",20,2009
"485","quantile_0.5",60,"km_N","Estimate",4854.13016218116,"Fall",20,2009
"486","quantile_0.95",60,"km_N","Estimate",5179.13016218116,"Fall",20,2009
"487","quantile_0.05",61,"km_N","Estimate",4729.13016218116,"Spring",21,2010
"488","quantile_0.5",61,"km_N","Estimate",4904.13016218116,"Spring",21,2010
"489","quantile_0.95",61,"km_N","Estimate",5129.13016218116,"Spring",21,2010
"490","quantile_0.05",62,"km_N","Estimate",4729.13016218116,"Summer",21,2010
"491","quantile_0.5",62,"km_N","Estimate",4854.13016218116,"Summer",21,2010
"492","quantile_0.95",62,"km_N","Estimate",5229.13016218116,"Summer",21,2010
"493","quantile_0.05",63,"km_N","Estimate",4729.13016218116,"Fall",21,2010
"494","quantile_0.5",63,"km_N","Estimate",4879.13016218116,"Fall",21,2010
"495","quantile_0.95",63,"km_N","Estimate",5154.13016218116,"Fall",21,2010
"496","quantile_0.05",64,"km_N","Estimate",4729.13016218116,"Spring",22,2011
"497","quantile_0.5",64,"km_N","Estimate",4904.13016218116,"Spring",22,2011
"498","quantile_0.95",64,"km_N","Estimate",5179.13016218116,"Spring",22,2011
"499","quantile_0.05",65,"km_N","Estimate",4729.13016218116,"Summer",22,2011
"500","quantile_0.5",65,"km_N","Estimate",4804.13016218116,"Summer",22,2011
"501","quantile_0.95",65,"km_N","Estimate",5179.13016218116,"Summer",22,2011
"502","quantile_0.05",66,"km_N","Estimate",4729.13016218116,"Fall",22,2011
"503","quantile_0.5",66,"km_N","Estimate",4879.13016218116,"Fall",22,2011
"504","quantile_0.95",66,"km_N","Estimate",5154.13016218116,"Fall",22,2011
"505","quantile_0.05",67,"km_N","Estimate",4729.13016218116,"Spring",23,2012
"506","quantile_0.5",67,"km_N","Estimate",4904.13016218116,"Spring",23,2012
"507","quantile_0.95",67,"km_N","Estimate",5204.13016218116,"Spring",23,2012
"508","quantile_0.05",68,"km_N","Estimate",4729.13016218116,"Summer",23,2012
"509","quantile_0.5",68,"km_N","Estimate",4879.13016218116,"Summer",23,2012
"510","quantile_0.95",68,"km_N","Estimate",5229.13016218116,"Summer",23,2012
"511","quantile_0.05",69,"km_N","Estimate",4754.13016218116,"Fall",23,2012
"512","quantile_0.5",69,"km_N","Estimate",4879.13016218116,"Fall",23,2012
"513","quantile_0.95",69,"km_N","Estimate",5179.13016218116,"Fall",23,2012
"514","quantile_0.05",70,"km_N","Estimate",4729.13016218116,"Spring",24,2013
"515","quantile_0.5",70,"km_N","Estimate",4904.13016218116,"Spring",24,2013
"516","quantile_0.95",70,"km_N","Estimate",5179.13016218116,"Spring",24,2013
"517","quantile_0.05",71,"km_N","Estimate",4729.13016218116,"Summer",24,2013
"518","quantile_0.5",71,"km_N","Estimate",4904.13016218116,"Summer",24,2013
"519","quantile_0.95",71,"km_N","Estimate",5354.13016218116,"Summer",24,2013
"520","quantile_0.05",72,"km_N","Estimate",4754.13016218116,"Fall",24,2013
"521","quantile_0.5",72,"km_N","Estimate",4904.13016218116,"Fall",24,2013
"522","quantile_0.95",72,"km_N","Estimate",5179.13016218116,"Fall",24,2013
"523","quantile_0.05",73,"km_N","Estimate",4754.13016218116,"Spring",25,2014
"524","quantile_0.5",73,"km_N","Estimate",4929.13016218116,"Spring",25,2014
"525","quantile_0.95",73,"km_N","Estimate",5204.13016218116,"Spring",25,2014
"526","quantile_0.05",74,"km_N","Estimate",4754.13016218116,"Summer",25,2014
"527","quantile_0.5",74,"km_N","Estimate",4904.13016218116,"Summer",25,2014
"528","quantile_0.95",74,"km_N","Estimate",5229.13016218116,"Summer",25,2014
"529","quantile_0.05",75,"km_N","Estimate",4754.13016218116,"Fall",25,2014
"530","quantile_0.5",75,"km_N","Estimate",4904.13016218116,"Fall",25,2014
"531","quantile_0.95",75,"km_N","Estimate",5229.13016218116,"Fall",25,2014
"532","quantile_0.05",76,"km_N","Estimate",4729.13016218116,"Spring",26,2015
"533","quantile_0.5",76,"km_N","Estimate",4904.13016218116,"Spring",26,2015
"534","quantile_0.95",76,"km_N","Estimate",5229.13016218116,"Spring",26,2015
"535","quantile_0.05",77,"km_N","Estimate",4754.13016218116,"Summer",26,2015
"536","quantile_0.5",77,"km_N","Estimate",4904.13016218116,"Summer",26,2015
"537","quantile_0.95",77,"km_N","Estimate",5354.13016218116,"Summer",26,2015
"538","quantile_0.05",78,"km_N","Estimate",4754.13016218116,"Fall",26,2015
"539","quantile_0.5",78,"km_N","Estimate",4904.13016218116,"Fall",26,2015
"540","quantile_0.95",78,"km_N","Estimate",5504.13016218116,"Fall",26,2015
"541","quantile_0.05",79,"km_N","Estimate",4754.13016218116,"Spring",27,2016
"542","quantile_0.5",79,"km_N","Estimate",4904.13016218116,"Spring",27,2016
"543","quantile_0.95",79,"km_N","Estimate",5154.13016218116,"Spring",27,2016
"544","quantile_0.05",80,"km_N","Estimate",4754.13016218116,"Summer",27,2016
"545","quantile_0.5",80,"km_N","Estimate",4904.13016218116,"Summer",27,2016
"546","quantile_0.95",80,"km_N","Estimate",5179.13016218116,"Summer",27,2016
"547","quantile_0.05",81,"km_N","Estimate",4729.13016218116,"Fall",27,2016
"548","quantile_0.5",81,"km_N","Estimate",4904.13016218116,"Fall",27,2016
"549","quantile_0.95",81,"km_N","Estimate",5229.13016218116,"Fall",27,2016
"550","quantile_0.05",82,"km_N","Estimate",4729.13016218116,"Spring",28,2017
"551","quantile_0.5",82,"km_N","Estimate",4904.13016218116,"Spring",28,2017
"552","quantile_0.95",82,"km_N","Estimate",5204.13016218116,"Spring",28,2017
"553","quantile_0.05",83,"km_N","Estimate",4729.13016218116,"Summer",28,2017
"554","quantile_0.5",83,"km_N","Estimate",4904.13016218116,"Summer",28,2017
"555","quantile_0.95",83,"km_N","Estimate",5229.13016218116,"Summer",28,2017
"556","quantile_0.05",84,"km_N","Estimate",4754.13016218116,"Fall",28,2017
"557","quantile_0.5",84,"km_N","Estimate",4854.13016218116,"Fall",28,2017
"558","quantile_0.95",84,"km_N","Estimate",5229.13016218116,"Fall",28,2017
"559","quantile_0.05",85,"km_N","Estimate",4729.13016218116,"Spring",29,2018
"560","quantile_0.5",85,"km_N","Estimate",4879.13016218116,"Spring",29,2018
"561","quantile_0.95",85,"km_N","Estimate",5204.13016218116,"Spring",29,2018
"562","quantile_0.05",86,"km_N","Estimate",4729.13016218116,"Summer",29,2018
"563","quantile_0.5",86,"km_N","Estimate",4904.13016218116,"Summer",29,2018
"564","quantile_0.95",86,"km_N","Estimate",5254.13016218116,"Summer",29,2018
"565","quantile_0.05",87,"km_N","Estimate",4754.13016218116,"Fall",29,2018
"566","quantile_0.5",87,"km_N","Estimate",4904.13016218116,"Fall",29,2018
"567","quantile_0.95",87,"km_N","Estimate",5229.13016218116,"Fall",29,2018
"568","quantile_0.05",88,"km_N","Estimate",4754.13016218116,"Spring",30,2019
"569","quantile_0.5",88,"km_N","Estimate",4904.13016218116,"Spring",30,2019
"570","quantile_0.95",88,"km_N","Estimate",5229.13016218116,"Spring",30,2019
"571","quantile_0.05",89,"km_N","Estimate",4729.13016218116,"Summer",30,2019
"572","quantile_0.5",89,"km_N","Estimate",4879.13016218116,"Summer",30,2019
"573","quantile_0.95",89,"km_N","Estimate",5254.13016218116,"Summer",30,2019
"574","quantile_0.05",90,"km_N","Estimate",4754.13016218116,"Fall",30,2019
"575","quantile_0.5",90,"km_N","Estimate",4904.13016218116,"Fall",30,2019
"576","quantile_0.95",90,"km_N","Estimate",5204.13016218116,"Fall",30,2019
"577","quantile_0.05",91,"km_N","Estimate",4729.13016218116,"Spring",31,2020
"578","quantile_0.5",91,"km_N","Estimate",4904.13016218116,"Spring",31,2020
"579","quantile_0.95",91,"km_N","Estimate",5354.13016218116,"Spring",31,2020
"580","quantile_0.05",92,"km_N","Estimate",4729.13016218116,"Summer",31,2020
"581","quantile_0.5",92,"km_N","Estimate",4904.13016218116,"Summer",31,2020
"582","quantile_0.95",92,"km_N","Estimate",5229.13016218116,"Summer",31,2020
"583","quantile_0.05",93,"km_N","Estimate",4729.13016218116,"Fall",31,2020
"584","quantile_0.5",93,"km_N","Estimate",4904.13016218116,"Fall",31,2020
"585","quantile_0.95",93,"km_N","Estimate",5229.13016218116,"Fall",31,2020
"586","quantile_0.05",94,"km_N","Estimate",4729.13016218116,"Spring",32,2021
"587","quantile_0.5",94,"km_N","Estimate",4904.13016218116,"Spring",32,2021
"588","quantile_0.95",94,"km_N","Estimate",5229.13016218116,"Spring",32,2021
"589","quantile_0.05",95,"km_N","Estimate",4754.13016218116,"Summer",32,2021
"590","quantile_0.5",95,"km_N","Estimate",4904.13016218116,"Summer",32,2021
"591","quantile_0.95",95,"km_N","Estimate",5329.13016218116,"Summer",32,2021
"592","quantile_0.05",96,"km_N","Estimate",4754.13016218116,"Fall",32,2021
"593","quantile_0.5",96,"km_N","Estimate",4904.13016218116,"Fall",32,2021
"594","quantile_0.95",96,"km_N","Estimate",5204.13016218116,"Fall",32,2021
"595","quantile_0.05",97,"km_N","Estimate",4754.13016218116,"Spring",33,2022
"596","quantile_0.5",97,"km_N","Estimate",4904.13016218116,"Spring",33,2022
"597","quantile_0.95",97,"km_N","Estimate",5204.13016218116,"Spring",33,2022
"598","quantile_0.05",98,"km_N","Estimate",4754.13016218116,"Summer",33,2022
"599","quantile_0.5",98,"km_N","Estimate",4904.13016218116,"Summer",33,2022
"600","quantile_0.95",98,"km_N","Estimate",5254.13016218116,"Summer",33,2022
"601","quantile_0.05",99,"km_N","Estimate",4754.13016218116,"Fall",33,2022
"602","quantile_0.5",99,"km_N","Estimate",4904.13016218116,"Fall",33,2022
"603","quantile_0.95",99,"km_N","Estimate",5229.13016218116,"Fall",33,2022
"604","quantile_0.05",100,"km_N","Estimate",4729.13016218116,"Spring",34,2023
"605","quantile_0.5",100,"km_N","Estimate",4879.13016218116,"Spring",34,2023
"606","quantile_0.95",100,"km_N","Estimate",5204.13016218116,"Spring",34,2023
"607","quantile_0.05",101,"km_N","Estimate",4754.13016218116,"Summer",34,2023
"608","quantile_0.5",101,"km_N","Estimate",4904.13016218116,"Summer",34,2023
"609","quantile_0.95",101,"km_N","Estimate",5229.13016218116,"Summer",34,2023
"610","quantile_0.05",102,"km_N","Estimate",4754.13016218116,"Fall",34,2023
"611","quantile_0.5",102,"km_N","Estimate",4904.13016218116,"Fall",34,2023
"612","quantile_0.95",102,"km_N","Estimate",5204.13016218116,"Fall",34,2023
"613","quantile_0.05",1,"km_E","Std_Dev",83.9748038209536,"Spring",1,1990
"614","quantile_0.5",1,"km_E","Std_Dev",64.1666666666666,"Spring",1,1990
"615","quantile_0.95",1,"km_E","Std_Dev",132.688782989796,"Spring",1,1990
"616","quantile_0.05",2,"km_E","Std_Dev",72.5939829712928,"Summer",1,1990
"617","quantile_0.5",2,"km_E","Std_Dev",80.8727645156516,"Summer",1,1990
"618","quantile_0.95",2,"km_E","Std_Dev",186.541489413823,"Summer",1,1990
"619","quantile_0.05",3,"km_E","Std_Dev",55.2770798392565,"Fall",1,1990
"620","quantile_0.5",3,"km_E","Std_Dev",75.6704043930657,"Fall",1,1990
"621","quantile_0.95",3,"km_E","Std_Dev",107.207436045427,"Fall",1,1990
"622","quantile_0.05",4,"km_E","Std_Dev",50.1733107449678,"Spring",2,1991
"623","quantile_0.5",4,"km_E","Std_Dev",54.1992908746335,"Spring",2,1991
"624","quantile_0.95",4,"km_E","Std_Dev",142.828568570857,"Spring",2,1991
"625","quantile_0.05",5,"km_E","Std_Dev",64.4376411421118,"Summer",2,1991
"626","quantile_0.5",5,"km_E","Std_Dev",64.7625811652988,"Summer",2,1991
"627","quantile_0.95",5,"km_E","Std_Dev",137.054834930322,"Summer",2,1991
"628","quantile_0.05",6,"km_E","Std_Dev",60.5504005775436,"Fall",2,1991
"629","quantile_0.5",6,"km_E","Std_Dev",55.6504240502234,"Fall",2,1991
"630","quantile_0.95",6,"km_E","Std_Dev",151.504242031487,"Fall",2,1991
"631","quantile_0.05",7,"km_E","Std_Dev",64.4440090546071,"Spring",3,1992
"632","quantile_0.5",7,"km_E","Std_Dev",82.1195697588202,"Spring",3,1992
"633","quantile_0.95",7,"km_E","Std_Dev",154.937874483597,"Spring",3,1992
"634","quantile_0.05",8,"km_E","Std_Dev",70.6410044885511,"Summer",3,1992
"635","quantile_0.5",8,"km_E","Std_Dev",57.8202543939562,"Summer",3,1992
"636","quantile_0.95",8,"km_E","Std_Dev",120.282443280872,"Summer",3,1992
"637","quantile_0.05",9,"km_E","Std_Dev",60.8940129083377,"Fall",3,1992
"638","quantile_0.5",9,"km_E","Std_Dev",80.1671234158222,"Fall",3,1992
"639","quantile_0.95",9,"km_E","Std_Dev",120.985797229729,"Fall",3,1992
"640","quantile_0.05",10,"km_E","Std_Dev",62.9027427900011,"Spring",4,1993
"641","quantile_0.5",10,"km_E","Std_Dev",41.4874935518177,"Spring",4,1993
"642","quantile_0.95",10,"km_E","Std_Dev",168.785583603349,"Spring",4,1993
"643","quantile_0.05",11,"km_E","Std_Dev",63.2031157331964,"Summer",4,1993
"644","quantile_0.5",11,"km_E","Std_Dev",77.2392975816656,"Summer",4,1993
"645","quantile_0.95",11,"km_E","Std_Dev",145.213835707236,"Summer",4,1993
"646","quantile_0.05",12,"km_E","Std_Dev",57.3240610895457,"Fall",4,1993
"647","quantile_0.5",12,"km_E","Std_Dev",65.4486266263298,"Fall",4,1993
"648","quantile_0.95",12,"km_E","Std_Dev",151.107861670351,"Fall",4,1993
"649","quantile_0.05",13,"km_E","Std_Dev",71.2315012313846,"Spring",5,1994
"650","quantile_0.5",13,"km_E","Std_Dev",80.1419195722642,"Spring",5,1994
"651","quantile_0.95",13,"km_E","Std_Dev",129.854959882403,"Spring",5,1994
"652","quantile_0.05",14,"km_E","Std_Dev",81.6898544694034,"Summer",5,1994
"653","quantile_0.5",14,"km_E","Std_Dev",74.0529431139531,"Summer",5,1994
"654","quantile_0.95",14,"km_E","Std_Dev",121.94343779065,"Summer",5,1994
"655","quantile_0.05",15,"km_E","Std_Dev",49.310908089039,"Fall",5,1994
"656","quantile_0.5",15,"km_E","Std_Dev",72.4303043614962,"Fall",5,1994
"657","quantile_0.95",15,"km_E","Std_Dev",131.033913028789,"Fall",5,1994
"658","quantile_0.05",16,"km_E","Std_Dev",71.9602864660974,"Spring",6,1995
"659","quantile_0.5",16,"km_E","Std_Dev",39.292994209393,"Spring",6,1995
"660","quantile_0.95",16,"km_E","Std_Dev",150.254623956143,"Spring",6,1995
"661","quantile_0.05",17,"km_E","Std_Dev",79.1411442112804,"Summer",6,1995
"662","quantile_0.5",17,"km_E","Std_Dev",86.450780064366,"Summer",6,1995
"663","quantile_0.95",17,"km_E","Std_Dev",123.26446685026,"Summer",6,1995
"664","quantile_0.05",18,"km_E","Std_Dev",82.9456893017193,"Fall",6,1995
"665","quantile_0.5",18,"km_E","Std_Dev",73.0724526297928,"Fall",6,1995
"666","quantile_0.95",18,"km_E","Std_Dev",146.351891899716,"Fall",6,1995
"667","quantile_0.05",19,"km_E","Std_Dev",75.2651038568727,"Spring",7,1996
"668","quantile_0.5",19,"km_E","Std_Dev",63.7506189314379,"Spring",7,1996
"669","quantile_0.95",19,"km_E","Std_Dev",158.51982637366,"Spring",7,1996
"670","quantile_0.05",20,"km_E","Std_Dev",57.2844003656536,"Summer",7,1996
"671","quantile_0.5",20,"km_E","Std_Dev",68.9000886953146,"Summer",7,1996
"672","quantile_0.95",20,"km_E","Std_Dev",110.684281183057,"Summer",7,1996
"673","quantile_0.05",21,"km_E","Std_Dev",52.1476875147048,"Fall",7,1996
"674","quantile_0.5",21,"km_E","Std_Dev",80.0390529679105,"Fall",7,1996
"675","quantile_0.95",21,"km_E","Std_Dev",176.521345319866,"Fall",7,1996
"676","quantile_0.05",22,"km_E","Std_Dev",64.6918687223353,"Spring",8,1997
"677","quantile_0.5",22,"km_E","Std_Dev",89.4917608080501,"Spring",8,1997
"678","quantile_0.95",22,"km_E","Std_Dev",114.89207715913,"Spring",8,1997
"679","quantile_0.05",23,"km_E","Std_Dev",77.2192699820819,"Summer",8,1997
"680","quantile_0.5",23,"km_E","Std_Dev",95.9439414397276,"Summer",8,1997
"681","quantile_0.95",23,"km_E","Std_Dev",104.052968251849,"Summer",8,1997
"682","quantile_0.05",24,"km_E","Std_Dev",55.2793639689177,"Fall",8,1997
"683","quantile_0.5",24,"km_E","Std_Dev",78.4682107672278,"Fall",8,1997
"684","quantile_0.95",24,"km_E","Std_Dev",116.246809448994,"Fall",8,1997
"685","quantile_0.05",25,"km_E","Std_Dev",79.0645274124211,"Spring",9,1998
"686","quantile_0.5",25,"km_E","Std_Dev",92.1389349478998,"Spring",9,1998
"687","quantile_0.95",25,"km_E","Std_Dev",139.170522537764,"Spring",9,1998
"688","quantile_0.05",26,"km_E","Std_Dev",54.5296694331153,"Summer",9,1998
"689","quantile_0.5",26,"km_E","Std_Dev",98.1276739968924,"Summer",9,1998
"690","quantile_0.95",26,"km_E","Std_Dev",190.409414025397,"Summer",9,1998
"691","quantile_0.05",27,"km_E","Std_Dev",50.564989684743,"Fall",9,1998
"692","quantile_0.5",27,"km_E","Std_Dev",84.4213069710903,"Fall",9,1998
"693","quantile_0.95",27,"km_E","Std_Dev",159.429221812304,"Fall",9,1998
"694","quantile_0.05",28,"km_E","Std_Dev",66.5719023448945,"Spring",10,1999
"695","quantile_0.5",28,"km_E","Std_Dev",89.7087740492207,"Spring",10,1999
"696","quantile_0.95",28,"km_E","Std_Dev",139.890604806511,"Spring",10,1999
"697","quantile_0.05",29,"km_E","Std_Dev",66.9897474441146,"Summer",10,1999
"698","quantile_0.5",29,"km_E","Std_Dev",89.7791200894751,"Summer",10,1999
"699","quantile_0.95",29,"km_E","Std_Dev",170.214325679911,"Summer",10,1999
"700","quantile_0.05",30,"km_E","Std_Dev",50.1890365910662,"Fall",10,1999
"701","quantile_0.5",30,"km_E","Std_Dev",92.4317247343883,"Fall",10,1999
"702","quantile_0.95",30,"km_E","Std_Dev",142.909874827572,"Fall",10,1999
"703","quantile_0.05",31,"km_E","Std_Dev",52.5192364950233,"Spring",11,2000
"704","quantile_0.5",31,"km_E","Std_Dev",85.5921147128057,"Spring",11,2000
"705","quantile_0.95",31,"km_E","Std_Dev",118.612293893282,"Spring",11,2000
"706","quantile_0.05",32,"km_E","Std_Dev",84.7646027465939,"Summer",11,2000
"707","quantile_0.5",32,"km_E","Std_Dev",86.0408641462317,"Summer",11,2000
"708","quantile_0.95",32,"km_E","Std_Dev",135.725696338109,"Summer",11,2000
"709","quantile_0.05",33,"km_E","Std_Dev",53.3587770747144,"Fall",11,2000
"710","quantile_0.5",33,"km_E","Std_Dev",78.2284920581815,"Fall",11,2000
"711","quantile_0.95",33,"km_E","Std_Dev",137.040094037247,"Fall",11,2000
"712","quantile_0.05",34,"km_E","Std_Dev",42.3161501752765,"Spring",12,2001
"713","quantile_0.5",34,"km_E","Std_Dev",80.3162153269465,"Spring",12,2001
"714","quantile_0.95",34,"km_E","Std_Dev",149.303729140814,"Spring",12,2001
"715","quantile_0.05",35,"km_E","Std_Dev",50.6741172751549,"Summer",12,2001
"716","quantile_0.5",35,"km_E","Std_Dev",99.9655875132472,"Summer",12,2001
"717","quantile_0.95",35,"km_E","Std_Dev",192.553941019186,"Summer",12,2001
"718","quantile_0.05",36,"km_E","Std_Dev",50.2619401362762,"Fall",12,2001
"719","quantile_0.5",36,"km_E","Std_Dev",85.0025994849093,"Fall",12,2001
"720","quantile_0.95",36,"km_E","Std_Dev",149.469600976793,"Fall",12,2001
"721","quantile_0.05",37,"km_E","Std_Dev",66.560521559728,"Spring",13,2002
"722","quantile_0.5",37,"km_E","Std_Dev",79.5389968518714,"Spring",13,2002
"723","quantile_0.95",37,"km_E","Std_Dev",136.115620415925,"Spring",13,2002
"724","quantile_0.05",38,"km_E","Std_Dev",67.0443845146592,"Summer",13,2002
"725","quantile_0.5",38,"km_E","Std_Dev",60.738302693946,"Summer",13,2002
"726","quantile_0.95",38,"km_E","Std_Dev",143.476628512427,"Summer",13,2002
"727","quantile_0.05",39,"km_E","Std_Dev",48.9091871314437,"Fall",13,2002
"728","quantile_0.5",39,"km_E","Std_Dev",116.138142665612,"Fall",13,2002
"729","quantile_0.95",39,"km_E","Std_Dev",126.799173116508,"Fall",13,2002
"730","quantile_0.05",40,"km_E","Std_Dev",73.1229765324805,"Spring",14,2003
"731","quantile_0.5",40,"km_E","Std_Dev",87.3902630778057,"Spring",14,2003
"732","quantile_0.95",40,"km_E","Std_Dev",162.81050365689,"Spring",14,2003
"733","quantile_0.05",41,"km_E","Std_Dev",72.1998314164627,"Summer",14,2003
"734","quantile_0.5",41,"km_E","Std_Dev",76.5657273593126,"Summer",14,2003
"735","quantile_0.95",41,"km_E","Std_Dev",191.574253083353,"Summer",14,2003
"736","quantile_0.05",42,"km_E","Std_Dev",61.2289955739099,"Fall",14,2003
"737","quantile_0.5",42,"km_E","Std_Dev",75.9165377705721,"Fall",14,2003
"738","quantile_0.95",42,"km_E","Std_Dev",161.119818643133,"Fall",14,2003
"739","quantile_0.05",43,"km_E","Std_Dev",46.4789242995187,"Spring",15,2004
"740","quantile_0.5",43,"km_E","Std_Dev",107.748713929844,"Spring",15,2004
"741","quantile_0.95",43,"km_E","Std_Dev",138.534902432272,"Spring",15,2004
"742","quantile_0.05",44,"km_E","Std_Dev",63.8312761754126,"Summer",15,2004
"743","quantile_0.5",44,"km_E","Std_Dev",83.644872206637,"Summer",15,2004
"744","quantile_0.95",44,"km_E","Std_Dev",185.621226962301,"Summer",15,2004
"745","quantile_0.05",45,"km_E","Std_Dev",51.0619548423601,"Fall",15,2004
"746","quantile_0.5",45,"km_E","Std_Dev",74.449155587399,"Fall",15,2004
"747","quantile_0.95",45,"km_E","Std_Dev",144.432886095441,"Fall",15,2004
"748","quantile_0.05",46,"km_E","Std_Dev",48.2627488783318,"Spring",16,2005
"749","quantile_0.5",46,"km_E","Std_Dev",78.9626557943754,"Spring",16,2005
"750","quantile_0.95",46,"km_E","Std_Dev",168.414134522821,"Spring",16,2005
"751","quantile_0.05",47,"km_E","Std_Dev",50.161355804659,"Summer",16,2005
"752","quantile_0.5",47,"km_E","Std_Dev",84.9836585598798,"Summer",16,2005
"753","quantile_0.95",47,"km_E","Std_Dev",203.332557127182,"Summer",16,2005
"754","quantile_0.05",48,"km_E","Std_Dev",51.1237358145543,"Fall",16,2005
"755","quantile_0.5",48,"km_E","Std_Dev",117.551836835646,"Fall",16,2005
"756","quantile_0.95",48,"km_E","Std_Dev",167.926112599945,"Fall",16,2005
"757","quantile_0.05",49,"km_E","Std_Dev",37.0980137778643,"Spring",17,2006
"758","quantile_0.5",49,"km_E","Std_Dev",48.3150435614356,"Spring",17,2006
"759","quantile_0.95",49,"km_E","Std_Dev",62.1459669819467,"Spring",17,2006
"760","quantile_0.05",50,"km_E","Std_Dev",57.6140721797315,"Summer",17,2006
"761","quantile_0.5",50,"km_E","Std_Dev",69.3967512993878,"Summer",17,2006
"762","quantile_0.95",50,"km_E","Std_Dev",165.807444301692,"Summer",17,2006
"763","quantile_0.05",51,"km_E","Std_Dev",47.7597893080305,"Fall",17,2006
"764","quantile_0.5",51,"km_E","Std_Dev",78.5261167389614,"Fall",17,2006
"765","quantile_0.95",51,"km_E","Std_Dev",166.699049884285,"Fall",17,2006
"766","quantile_0.05",52,"km_E","Std_Dev",64.3435185845347,"Spring",18,2007
"767","quantile_0.5",52,"km_E","Std_Dev",79.6215004463827,"Spring",18,2007
"768","quantile_0.95",52,"km_E","Std_Dev",140.502345499672,"Spring",18,2007
"769","quantile_0.05",53,"km_E","Std_Dev",63.9819261095417,"Summer",18,2007
"770","quantile_0.5",53,"km_E","Std_Dev",84.1715420130134,"Summer",18,2007
"771","quantile_0.95",53,"km_E","Std_Dev",176.994228919214,"Summer",18,2007
"772","quantile_0.05",54,"km_E","Std_Dev",54.0640052776952,"Fall",18,2007
"773","quantile_0.5",54,"km_E","Std_Dev",89.0391328109004,"Fall",18,2007
"774","quantile_0.95",54,"km_E","Std_Dev",144.266474471949,"Fall",18,2007
"775","quantile_0.05",55,"km_E","Std_Dev",43.3296909891139,"Spring",19,2008
"776","quantile_0.5",55,"km_E","Std_Dev",81.2912676861432,"Spring",19,2008
"777","quantile_0.95",55,"km_E","Std_Dev",146.989142731047,"Spring",19,2008
"778","quantile_0.05",56,"km_E","Std_Dev",46.2283255245965,"Summer",19,2008
"779","quantile_0.5",56,"km_E","Std_Dev",86.182725190215,"Summer",19,2008
"780","quantile_0.95",56,"km_E","Std_Dev",183.724616882128,"Summer",19,2008
"781","quantile_0.05",57,"km_E","Std_Dev",33.0011860821437,"Fall",19,2008
"782","quantile_0.5",57,"km_E","Std_Dev",95.7242462134401,"Fall",19,2008
"783","quantile_0.95",57,"km_E","Std_Dev",137.683532241532,"Fall",19,2008
"784","quantile_0.05",58,"km_E","Std_Dev",62.158156050806,"Spring",20,2009
"785","quantile_0.5",58,"km_E","Std_Dev",82.8207721711787,"Spring",20,2009
"786","quantile_0.95",58,"km_E","Std_Dev",137.175696525193,"Spring",20,2009
"787","quantile_0.05",59,"km_E","Std_Dev",45.0616861153191,"Summer",20,2009
"788","quantile_0.5",59,"km_E","Std_Dev",85.5946962153732,"Summer",20,2009
"789","quantile_0.95",59,"km_E","Std_Dev",187.891678443413,"Summer",20,2009
"790","quantile_0.05",60,"km_E","Std_Dev",32.1091493930852,"Fall",20,2009
"791","quantile_0.5",60,"km_E","Std_Dev",103.126320009917,"Fall",20,2009
"792","quantile_0.95",60,"km_E","Std_Dev",126.0138179853,"Fall",20,2009
"793","quantile_0.05",61,"km_E","Std_Dev",42.043748259126,"Spring",21,2010
"794","quantile_0.5",61,"km_E","Std_Dev",83.4847109936721,"Spring",21,2010
"795","quantile_0.95",61,"km_E","Std_Dev",149.337552361938,"Spring",21,2010
"796","quantile_0.05",62,"km_E","Std_Dev",61.185675355322,"Summer",21,2010
"797","quantile_0.5",62,"km_E","Std_Dev",88.6144754118944,"Summer",21,2010
"798","quantile_0.95",62,"km_E","Std_Dev",171.170214769517,"Summer",21,2010
"799","quantile_0.05",63,"km_E","Std_Dev",53.5807471452801,"Fall",21,2010
"800","quantile_0.5",63,"km_E","Std_Dev",105.627932390112,"Fall",21,2010
"801","quantile_0.95",63,"km_E","Std_Dev",134.711391837918,"Fall",21,2010
"802","quantile_0.05",64,"km_E","Std_Dev",56.3286487204039,"Spring",22,2011
"803","quantile_0.5",64,"km_E","Std_Dev",76.361381640595,"Spring",22,2011
"804","quantile_0.95",64,"km_E","Std_Dev",125.292334928834,"Spring",22,2011
"805","quantile_0.05",65,"km_E","Std_Dev",46.1791362658789,"Summer",22,2011
"806","quantile_0.5",65,"km_E","Std_Dev",103.299114568844,"Summer",22,2011
"807","quantile_0.95",65,"km_E","Std_Dev",188.257560514602,"Summer",22,2011
"808","quantile_0.05",66,"km_E","Std_Dev",44.6782832022334,"Fall",22,2011
"809","quantile_0.5",66,"km_E","Std_Dev",80.5818487218699,"Fall",22,2011
"810","quantile_0.95",66,"km_E","Std_Dev",120.555060977434,"Fall",22,2011
"811","quantile_0.05",67,"km_E","Std_Dev",28.3778616231566,"Spring",23,2012
"812","quantile_0.5",67,"km_E","Std_Dev",66.4940948240116,"Spring",23,2012
"813","quantile_0.95",67,"km_E","Std_Dev",107.664309477902,"Spring",23,2012
"814","quantile_0.05",68,"km_E","Std_Dev",58.1577443882001,"Summer",23,2012
"815","quantile_0.5",68,"km_E","Std_Dev",94.1049677195361,"Summer",23,2012
"816","quantile_0.95",68,"km_E","Std_Dev",173.191229628414,"Summer",23,2012
"817","quantile_0.05",69,"km_E","Std_Dev",50.6092926748685,"Fall",23,2012
"818","quantile_0.5",69,"km_E","Std_Dev",75.2416141842431,"Fall",23,2012
"819","quantile_0.95",69,"km_E","Std_Dev",127.034951048437,"Fall",23,2012
"820","quantile_0.05",70,"km_E","Std_Dev",60.7195906348905,"Spring",24,2013
"821","quantile_0.5",70,"km_E","Std_Dev",97.8054655472233,"Spring",24,2013
"822","quantile_0.95",70,"km_E","Std_Dev",127.590332428805,"Spring",24,2013
"823","quantile_0.05",71,"km_E","Std_Dev",73.1609544260136,"Summer",24,2013
"824","quantile_0.5",71,"km_E","Std_Dev",69.3926574580546,"Summer",24,2013
"825","quantile_0.95",71,"km_E","Std_Dev",132.912213756511,"Summer",24,2013
"826","quantile_0.05",72,"km_E","Std_Dev",49.1236329390579,"Fall",24,2013
"827","quantile_0.5",72,"km_E","Std_Dev",80.2690394041731,"Fall",24,2013
"828","quantile_0.95",72,"km_E","Std_Dev",101.181155669553,"Fall",24,2013
"829","quantile_0.05",73,"km_E","Std_Dev",50.0403877287175,"Spring",25,2014
"830","quantile_0.5",73,"km_E","Std_Dev",81.9040304381915,"Spring",25,2014
"831","quantile_0.95",73,"km_E","Std_Dev",125.799212712926,"Spring",25,2014
"832","quantile_0.05",74,"km_E","Std_Dev",68.6131558195302,"Summer",25,2014
"833","quantile_0.5",74,"km_E","Std_Dev",91.205451281348,"Summer",25,2014
"834","quantile_0.95",74,"km_E","Std_Dev",80.001183703364,"Summer",25,2014
"835","quantile_0.05",75,"km_E","Std_Dev",60.1639175062342,"Fall",25,2014
"836","quantile_0.5",75,"km_E","Std_Dev",83.5391398015797,"Fall",25,2014
"837","quantile_0.95",75,"km_E","Std_Dev",86.4697646696242,"Fall",25,2014
"838","quantile_0.05",76,"km_E","Std_Dev",61.9195266275329,"Spring",26,2015
"839","quantile_0.5",76,"km_E","Std_Dev",94.8363822271779,"Spring",26,2015
"840","quantile_0.95",76,"km_E","Std_Dev",91.8730459147652,"Spring",26,2015
"841","quantile_0.05",77,"km_E","Std_Dev",59.3759635753815,"Summer",26,2015
"842","quantile_0.5",77,"km_E","Std_Dev",78.1974159329185,"Summer",26,2015
"843","quantile_0.95",77,"km_E","Std_Dev",138.921713292928,"Summer",26,2015
"844","quantile_0.05",78,"km_E","Std_Dev",55.423074361832,"Fall",26,2015
"845","quantile_0.5",78,"km_E","Std_Dev",62.0280158273239,"Fall",26,2015
"846","quantile_0.95",78,"km_E","Std_Dev",102.53694825562,"Fall",26,2015
"847","quantile_0.05",79,"km_E","Std_Dev",50.7836319371434,"Spring",27,2016
"848","quantile_0.5",79,"km_E","Std_Dev",90.2616147147229,"Spring",27,2016
"849","quantile_0.95",79,"km_E","Std_Dev",70.3239258393226,"Spring",27,2016
"850","quantile_0.05",80,"km_E","Std_Dev",82.799807251032,"Summer",27,2016
"851","quantile_0.5",80,"km_E","Std_Dev",53.0127676635877,"Summer",27,2016
"852","quantile_0.95",80,"km_E","Std_Dev",174.417319997618,"Summer",27,2016
"853","quantile_0.05",81,"km_E","Std_Dev",48.1599554934523,"Fall",27,2016
"854","quantile_0.5",81,"km_E","Std_Dev",89.4183646651734,"Fall",27,2016
"855","quantile_0.95",81,"km_E","Std_Dev",86.7496688783596,"Fall",27,2016
"856","quantile_0.05",82,"km_E","Std_Dev",72.3871465793409,"Spring",28,2017
"857","quantile_0.5",82,"km_E","Std_Dev",85.65662893675,"Spring",28,2017
"858","quantile_0.95",82,"km_E","Std_Dev",78.5361655094599,"Spring",28,2017
"859","quantile_0.05",83,"km_E","Std_Dev",75.3543816130343,"Summer",28,2017
"860","quantile_0.5",83,"km_E","Std_Dev",90.0687167521206,"Summer",28,2017
"861","quantile_0.95",83,"km_E","Std_Dev",114.767001557349,"Summer",28,2017
"862","quantile_0.05",84,"km_E","Std_Dev",72.3435267220629,"Fall",28,2017
"863","quantile_0.5",84,"km_E","Std_Dev",74.8479097634636,"Fall",28,2017
"864","quantile_0.95",84,"km_E","Std_Dev",86.0947768802533,"Fall",28,2017
"865","quantile_0.05",85,"km_E","Std_Dev",56.8335332796624,"Spring",29,2018
"866","quantile_0.5",85,"km_E","Std_Dev",83.261711646246,"Spring",29,2018
"867","quantile_0.95",85,"km_E","Std_Dev",67.4663215645742,"Spring",29,2018
"868","quantile_0.05",86,"km_E","Std_Dev",73.4653598024883,"Summer",29,2018
"869","quantile_0.5",86,"km_E","Std_Dev",75.8000259854437,"Summer",29,2018
"870","quantile_0.95",86,"km_E","Std_Dev",60.8255495227742,"Summer",29,2018
"871","quantile_0.05",87,"km_E","Std_Dev",55.1232549140852,"Fall",29,2018
"872","quantile_0.5",87,"km_E","Std_Dev",78.5646970092905,"Fall",29,2018
"873","quantile_0.95",87,"km_E","Std_Dev",56.9733235467231,"Fall",29,2018
"874","quantile_0.05",88,"km_E","Std_Dev",67.3126843525606,"Spring",30,2019
"875","quantile_0.5",88,"km_E","Std_Dev",75.6704043930657,"Spring",30,2019
"876","quantile_0.95",88,"km_E","Std_Dev",71.288200817229,"Spring",30,2019
"877","quantile_0.05",89,"km_E","Std_Dev",82.2854571880503,"Summer",30,2019
"878","quantile_0.5",89,"km_E","Std_Dev",97.086340829993,"Summer",30,2019
"879","quantile_0.95",89,"km_E","Std_Dev",120.309732848934,"Summer",30,2019
"880","quantile_0.05",90,"km_E","Std_Dev",46.4687360958249,"Fall",30,2019
"881","quantile_0.5",90,"km_E","Std_Dev",80.6773721921976,"Fall",30,2019
"882","quantile_0.95",90,"km_E","Std_Dev",59.7189334307051,"Fall",30,2019
"883","quantile_0.05",91,"km_E","Std_Dev",65.2868573096739,"Spring",31,2020
"884","quantile_0.5",91,"km_E","Std_Dev",123.553243746994,"Spring",31,2020
"885","quantile_0.95",91,"km_E","Std_Dev",63.9779791661303,"Spring",31,2020
"886","quantile_0.05",92,"km_E","Std_Dev",65.5835306685259,"Summer",31,2020
"887","quantile_0.5",92,"km_E","Std_Dev",94.339811320566,"Summer",31,2020
"888","quantile_0.95",92,"km_E","Std_Dev",121.340107619747,"Summer",31,2020
"889","quantile_0.05",93,"km_E","Std_Dev",59.8920535698022,"Fall",31,2020
"890","quantile_0.5",93,"km_E","Std_Dev",86.2372813049477,"Fall",31,2020
"891","quantile_0.95",93,"km_E","Std_Dev",79.3514589683393,"Fall",31,2020
"892","quantile_0.05",94,"km_E","Std_Dev",73.6301671541733,"Spring",32,2021
"893","quantile_0.5",94,"km_E","Std_Dev",81.3878977427841,"Spring",32,2021
"894","quantile_0.95",94,"km_E","Std_Dev",81.2139585952259,"Spring",32,2021
"895","quantile_0.05",95,"km_E","Std_Dev",58.2114527590852,"Summer",32,2021
"896","quantile_0.5",95,"km_E","Std_Dev",99.8012545213756,"Summer",32,2021
"897","quantile_0.95",95,"km_E","Std_Dev",59.3839373922108,"Summer",32,2021
"898","quantile_0.05",96,"km_E","Std_Dev",73.8976223288583,"Fall",32,2021
"899","quantile_0.5",96,"km_E","Std_Dev",84.6725719725369,"Fall",32,2021
"900","quantile_0.95",96,"km_E","Std_Dev",99.3345917146243,"Fall",32,2021
"901","quantile_0.05",97,"km_E","Std_Dev",83.6358146666215,"Spring",33,2022
"902","quantile_0.5",97,"km_E","Std_Dev",101.713538623892,"Spring",33,2022
"903","quantile_0.95",97,"km_E","Std_Dev",73.2002062976614,"Spring",33,2022
"904","quantile_0.05",98,"km_E","Std_Dev",58.2986910122119,"Summer",33,2022
"905","quantile_0.5",98,"km_E","Std_Dev",80.481505498299,"Summer",33,2022
"906","quantile_0.95",98,"km_E","Std_Dev",70.9224038914176,"Summer",33,2022
"907","quantile_0.05",99,"km_E","Std_Dev",57.441230396771,"Fall",33,2022
"908","quantile_0.5",99,"km_E","Std_Dev",103.305225893803,"Fall",33,2022
"909","quantile_0.95",99,"km_E","Std_Dev",67.8791260814084,"Fall",33,2022
"910","quantile_0.05",100,"km_E","Std_Dev",68.0996558824867,"Spring",34,2023
"911","quantile_0.5",100,"km_E","Std_Dev",96.4705429473975,"Spring",34,2023
"912","quantile_0.95",100,"km_E","Std_Dev",80.5892910899694,"Spring",34,2023
"913","quantile_0.05",101,"km_E","Std_Dev",75.4381143117262,"Summer",34,2023
"914","quantile_0.5",101,"km_E","Std_Dev",94.1804092948714,"Summer",34,2023
"915","quantile_0.95",101,"km_E","Std_Dev",127.429917360029,"Summer",34,2023
"916","quantile_0.05",102,"km_E","Std_Dev",66.1838577774294,"Fall",34,2023
"917","quantile_0.5",102,"km_E","Std_Dev",89.6471759823819,"Fall",34,2023
"918","quantile_0.95",102,"km_E","Std_Dev",87.7392112565367,"Fall",34,2023
"919","quantile_0.05",1,"km_N","Std_Dev",27.2196453119633,"Spring",1,1990
"920","quantile_0.5",1,"km_N","Std_Dev",24.9987373418511,"Spring",1,1990
"921","quantile_0.95",1,"km_N","Std_Dev",152.806035036036,"Spring",1,1990
"922","quantile_0.05",2,"km_N","Std_Dev",29.1547594742265,"Summer",1,1990
"923","quantile_0.5",2,"km_N","Std_Dev",24.4574976626636,"Summer",1,1990
"924","quantile_0.95",2,"km_N","Std_Dev",135.731045331076,"Summer",1,1990
"925","quantile_0.05",3,"km_N","Std_Dev",17.5234330846069,"Fall",1,1990
"926","quantile_0.5",3,"km_N","Std_Dev",30.6443841972435,"Fall",1,1990
"927","quantile_0.95",3,"km_N","Std_Dev",155.31411638185,"Fall",1,1990
"928","quantile_0.05",4,"km_N","Std_Dev",14.3789794667438,"Spring",2,1991
"929","quantile_0.5",4,"km_N","Std_Dev",22.9445422748421,"Spring",2,1991
"930","quantile_0.95",4,"km_N","Std_Dev",107.455652116197,"Spring",2,1991
"931","quantile_0.05",5,"km_N","Std_Dev",30.1553218245705,"Summer",2,1991
"932","quantile_0.5",5,"km_N","Std_Dev",22.2176447305679,"Summer",2,1991
"933","quantile_0.95",5,"km_N","Std_Dev",124.027530342373,"Summer",2,1991
"934","quantile_0.05",6,"km_N","Std_Dev",13.8169855941549,"Fall",2,1991
"935","quantile_0.5",6,"km_N","Std_Dev",26.6986077645567,"Fall",2,1991
"936","quantile_0.95",6,"km_N","Std_Dev",147.067290308851,"Fall",2,1991
"937","quantile_0.05",7,"km_N","Std_Dev",30.0462606288663,"Spring",3,1992
"938","quantile_0.5",7,"km_N","Std_Dev",24.795883904105,"Spring",3,1992
"939","quantile_0.95",7,"km_N","Std_Dev",119.271780299271,"Spring",3,1992
"940","quantile_0.05",8,"km_N","Std_Dev",31.3208792141515,"Summer",3,1992
"941","quantile_0.5",8,"km_N","Std_Dev",23.3008431806509,"Summer",3,1992
"942","quantile_0.95",8,"km_N","Std_Dev",88.9245509270402,"Summer",3,1992
"943","quantile_0.05",9,"km_N","Std_Dev",19.9034919021508,"Fall",3,1992
"944","quantile_0.5",9,"km_N","Std_Dev",29.994738595866,"Fall",3,1992
"945","quantile_0.95",9,"km_N","Std_Dev",138.053523144197,"Fall",3,1992
"946","quantile_0.05",10,"km_N","Std_Dev",17.4729227750545,"Spring",4,1993
"947","quantile_0.5",10,"km_N","Std_Dev",25.3958558617245,"Spring",4,1993
"948","quantile_0.95",10,"km_N","Std_Dev",90.1300267234606,"Spring",4,1993
"949","quantile_0.05",11,"km_N","Std_Dev",21.3954469809616,"Summer",4,1993
"950","quantile_0.5",11,"km_N","Std_Dev",32.6405275754548,"Summer",4,1993
"951","quantile_0.95",11,"km_N","Std_Dev",127.632877876946,"Summer",4,1993
"952","quantile_0.05",12,"km_N","Std_Dev",19.488406291895,"Fall",4,1993
"953","quantile_0.5",12,"km_N","Std_Dev",29.1547594742263,"Fall",4,1993
"954","quantile_0.95",12,"km_N","Std_Dev",133.629169908763,"Fall",4,1993
"955","quantile_0.05",13,"km_N","Std_Dev",18.2988656710868,"Spring",5,1994
"956","quantile_0.5",13,"km_N","Std_Dev",27.9610118167812,"Spring",5,1994
"957","quantile_0.95",13,"km_N","Std_Dev",111.304251327774,"Spring",5,1994
"958","quantile_0.05",14,"km_N","Std_Dev",25.5482806948851,"Summer",5,1994
"959","quantile_0.5",14,"km_N","Std_Dev",27.0894515233951,"Summer",5,1994
"960","quantile_0.95",14,"km_N","Std_Dev",148.8548459121,"Summer",5,1994
"961","quantile_0.05",15,"km_N","Std_Dev",10.8099981778935,"Fall",5,1994
"962","quantile_0.5",15,"km_N","Std_Dev",30.2514712890383,"Fall",5,1994
"963","quantile_0.95",15,"km_N","Std_Dev",117.147008997975,"Fall",5,1994
"964","quantile_0.05",16,"km_N","Std_Dev",19.232429998218,"Spring",6,1995
"965","quantile_0.5",16,"km_N","Std_Dev",21.3363515857301,"Spring",6,1995
"966","quantile_0.95",16,"km_N","Std_Dev",69.3926574580547,"Spring",6,1995
"967","quantile_0.05",17,"km_N","Std_Dev",22.2744021221441,"Summer",6,1995
"968","quantile_0.5",17,"km_N","Std_Dev",21.6957846299013,"Summer",6,1995
"969","quantile_0.95",17,"km_N","Std_Dev",102.394007775274,"Summer",6,1995
"970","quantile_0.05",18,"km_N","Std_Dev",22.383254924387,"Fall",6,1995
"971","quantile_0.5",18,"km_N","Std_Dev",25.6924309885421,"Fall",6,1995
"972","quantile_0.95",18,"km_N","Std_Dev",100.557473892076,"Fall",6,1995
"973","quantile_0.05",19,"km_N","Std_Dev",21.2845085221692,"Spring",7,1996
"974","quantile_0.5",19,"km_N","Std_Dev",23.2071806198691,"Spring",7,1996
"975","quantile_0.95",19,"km_N","Std_Dev",72.8652416062929,"Spring",7,1996
"976","quantile_0.05",20,"km_N","Std_Dev",17.4367544009886,"Summer",7,1996
"977","quantile_0.5",20,"km_N","Std_Dev",28.5375881846018,"Summer",7,1996
"978","quantile_0.95",20,"km_N","Std_Dev",106.89930832897,"Summer",7,1996
"979","quantile_0.05",21,"km_N","Std_Dev",11.4894549808759,"Fall",7,1996
"980","quantile_0.5",21,"km_N","Std_Dev",29.1330975650953,"Fall",7,1996
"981","quantile_0.95",21,"km_N","Std_Dev",100.230479345851,"Fall",7,1996
"982","quantile_0.05",22,"km_N","Std_Dev",25.2712556798501,"Spring",8,1997
"983","quantile_0.5",22,"km_N","Std_Dev",26.3654866992604,"Spring",8,1997
"984","quantile_0.95",22,"km_N","Std_Dev",69.0277904802541,"Spring",8,1997
"985","quantile_0.05",23,"km_N","Std_Dev",22.2630622196033,"Summer",8,1997
"986","quantile_0.5",23,"km_N","Std_Dev",21.2295653380949,"Summer",8,1997
"987","quantile_0.95",23,"km_N","Std_Dev",105.960017235395,"Summer",8,1997
"988","quantile_0.05",24,"km_N","Std_Dev",10.3322335680651,"Fall",8,1997
"989","quantile_0.5",24,"km_N","Std_Dev",24.9481786141114,"Fall",8,1997
"990","quantile_0.95",24,"km_N","Std_Dev",105.368521165124,"Fall",8,1997
"991","quantile_0.05",25,"km_N","Std_Dev",21.0458854156647,"Spring",9,1998
"992","quantile_0.5",25,"km_N","Std_Dev",26.3523138347364,"Spring",9,1998
"993","quantile_0.95",25,"km_N","Std_Dev",60.3022689155528,"Spring",9,1998
"994","quantile_0.05",26,"km_N","Std_Dev",16.119816526514,"Summer",9,1998
"995","quantile_0.5",26,"km_N","Std_Dev",25.9904799975883,"Summer",9,1998
"996","quantile_0.95",26,"km_N","Std_Dev",114.738118594414,"Summer",9,1998
"997","quantile_0.05",27,"km_N","Std_Dev",11.9341628287971,"Fall",9,1998
"998","quantile_0.5",27,"km_N","Std_Dev",25.1999579124226,"Fall",9,1998
"999","quantile_0.95",27,"km_N","Std_Dev",122.283358217583,"Fall",9,1998
"1000","quantile_0.05",28,"km_N","Std_Dev",17.572001949842,"Spring",10,1999
"1001","quantile_0.5",28,"km_N","Std_Dev",22.8908256511181,"Spring",10,1999
"1002","quantile_0.95",28,"km_N","Std_Dev",83.023667065056,"Spring",10,1999
"1003","quantile_0.05",29,"km_N","Std_Dev",21.2295653380948,"Summer",10,1999
"1004","quantile_0.5",29,"km_N","Std_Dev",20.6751571024772,"Summer",10,1999
"1005","quantile_0.95",29,"km_N","Std_Dev",94.567062410383,"Summer",10,1999
"1006","quantile_0.05",30,"km_N","Std_Dev",12.1309146773478,"Fall",10,1999
"1007","quantile_0.5",30,"km_N","Std_Dev",25.3958558617245,"Fall",10,1999
"1008","quantile_0.95",30,"km_N","Std_Dev",123.94096835334,"Fall",10,1999
"1009","quantile_0.05",31,"km_N","Std_Dev",14.8115263606189,"Spring",11,2000
"1010","quantile_0.5",31,"km_N","Std_Dev",24.0159879406963,"Spring",11,2000
"1011","quantile_0.95",31,"km_N","Std_Dev",97.2536385027326,"Spring",11,2000
"1012","quantile_0.05",32,"km_N","Std_Dev",30.5091474939579,"Summer",11,2000
"1013","quantile_0.5",32,"km_N","Std_Dev",24.4897422352189,"Summer",11,2000
"1014","quantile_0.95",32,"km_N","Std_Dev",110.632650394598,"Summer",11,2000
"1015","quantile_0.05",33,"km_N","Std_Dev",16.8081119184347,"Fall",11,2000
"1016","quantile_0.5",33,"km_N","Std_Dev",27.3815170278688,"Fall",11,2000
"1017","quantile_0.95",33,"km_N","Std_Dev",97.1253485622231,"Fall",11,2000
"1018","quantile_0.05",34,"km_N","Std_Dev",11.8145390656316,"Spring",12,2001
"1019","quantile_0.5",34,"km_N","Std_Dev",29.4134580617702,"Spring",12,2001
"1020","quantile_0.95",34,"km_N","Std_Dev",95.7743560287787,"Spring",12,2001
"1021","quantile_0.05",35,"km_N","Std_Dev",8.97175703206577,"Summer",12,2001
"1022","quantile_0.5",35,"km_N","Std_Dev",31.8802605086752,"Summer",12,2001
"1023","quantile_0.95",35,"km_N","Std_Dev",83.3318181680436,"Summer",12,2001
"1024","quantile_0.05",36,"km_N","Std_Dev",12.2164816638189,"Fall",12,2001
"1025","quantile_0.5",36,"km_N","Std_Dev",30.2556447692663,"Fall",12,2001
"1026","quantile_0.95",36,"km_N","Std_Dev",81.6512044731686,"Fall",12,2001
"1027","quantile_0.05",37,"km_N","Std_Dev",19.1419471688262,"Spring",13,2002
"1028","quantile_0.5",37,"km_N","Std_Dev",28.4533997897607,"Spring",13,2002
"1029","quantile_0.95",37,"km_N","Std_Dev",104.604836012355,"Spring",13,2002
"1030","quantile_0.05",38,"km_N","Std_Dev",21.0383848325776,"Summer",13,2002
"1031","quantile_0.5",38,"km_N","Std_Dev",30.5215605198299,"Summer",13,2002
"1032","quantile_0.95",38,"km_N","Std_Dev",108.216720454182,"Summer",13,2002
"1033","quantile_0.05",39,"km_N","Std_Dev",9.70199916918082,"Fall",13,2002
"1034","quantile_0.5",39,"km_N","Std_Dev",30.8302619272858,"Fall",13,2002
"1035","quantile_0.95",39,"km_N","Std_Dev",82.9445476194667,"Fall",13,2002
"1036","quantile_0.05",40,"km_N","Std_Dev",19.9921070283834,"Spring",14,2003
"1037","quantile_0.5",40,"km_N","Std_Dev",22.0922652034186,"Spring",14,2003
"1038","quantile_0.95",40,"km_N","Std_Dev",77.8239401249104,"Spring",14,2003
"1039","quantile_0.05",41,"km_N","Std_Dev",22.1108319357026,"Summer",14,2003
"1040","quantile_0.5",41,"km_N","Std_Dev",23.2791578868133,"Summer",14,2003
"1041","quantile_0.95",41,"km_N","Std_Dev",94.7548005233625,"Summer",14,2003
"1042","quantile_0.05",42,"km_N","Std_Dev",22.3874852305813,"Fall",14,2003
"1043","quantile_0.5",42,"km_N","Std_Dev",23.7516612922425,"Fall",14,2003
"1044","quantile_0.95",42,"km_N","Std_Dev",92.4754267113948,"Fall",14,2003
"1045","quantile_0.05",43,"km_N","Std_Dev",15.9287396700036,"Spring",15,2004
"1046","quantile_0.5",43,"km_N","Std_Dev",28.3422445879436,"Spring",15,2004
"1047","quantile_0.95",43,"km_N","Std_Dev",113.561212523903,"Spring",15,2004
"1048","quantile_0.05",44,"km_N","Std_Dev",18.7958194363222,"Summer",15,2004
"1049","quantile_0.5",44,"km_N","Std_Dev",25.6776835860135,"Summer",15,2004
"1050","quantile_0.95",44,"km_N","Std_Dev",120.912722091748,"Summer",15,2004
"1051","quantile_0.05",45,"km_N","Std_Dev",17.4999999999999,"Fall",15,2004
"1052","quantile_0.5",45,"km_N","Std_Dev",29.6400970567801,"Fall",15,2004
"1053","quantile_0.95",45,"km_N","Std_Dev",121.552457811432,"Fall",15,2004
"1054","quantile_0.05",46,"km_N","Std_Dev",16.0864928597022,"Spring",16,2005
"1055","quantile_0.5",46,"km_N","Std_Dev",23.1704269893478,"Spring",16,2005
"1056","quantile_0.95",46,"km_N","Std_Dev",115.763549941031,"Spring",16,2005
"1057","quantile_0.05",47,"km_N","Std_Dev",10.9981632993691,"Summer",16,2005
"1058","quantile_0.5",47,"km_N","Std_Dev",23.0283093235919,"Summer",16,2005
"1059","quantile_0.95",47,"km_N","Std_Dev",125.959950344977,"Summer",16,2005
"1060","quantile_0.05",48,"km_N","Std_Dev",12.1309146773478,"Fall",16,2005
"1061","quantile_0.5",48,"km_N","Std_Dev",26.8694937981662,"Fall",16,2005
"1062","quantile_0.95",48,"km_N","Std_Dev",104.457472860316,"Fall",16,2005
"1063","quantile_0.05",49,"km_N","Std_Dev",15.7533866809391,"Spring",17,2006
"1064","quantile_0.5",49,"km_N","Std_Dev",23.2791578868132,"Spring",17,2006
"1065","quantile_0.95",49,"km_N","Std_Dev",81.0174410702767,"Spring",17,2006
"1066","quantile_0.05",50,"km_N","Std_Dev",14.7709789175197,"Summer",17,2006
"1067","quantile_0.5",50,"km_N","Std_Dev",29.3059445136713,"Summer",17,2006
"1068","quantile_0.95",50,"km_N","Std_Dev",95.6226273885363,"Summer",17,2006
"1069","quantile_0.05",51,"km_N","Std_Dev",11.3928916346106,"Fall",17,2006
"1070","quantile_0.5",51,"km_N","Std_Dev",30.6278987496395,"Fall",17,2006
"1071","quantile_0.95",51,"km_N","Std_Dev",101.097512683088,"Fall",17,2006
"1072","quantile_0.05",52,"km_N","Std_Dev",13.1425748134553,"Spring",18,2007
"1073","quantile_0.5",52,"km_N","Std_Dev",28.8193607763175,"Spring",18,2007
"1074","quantile_0.95",52,"km_N","Std_Dev",111.5931463085,"Spring",18,2007
"1075","quantile_0.05",53,"km_N","Std_Dev",17.985684543126,"Summer",18,2007
"1076","quantile_0.5",53,"km_N","Std_Dev",21.8740079140111,"Summer",18,2007
"1077","quantile_0.95",53,"km_N","Std_Dev",108.095309609603,"Summer",18,2007
"1078","quantile_0.05",54,"km_N","Std_Dev",14.088465086192,"Fall",18,2007
"1079","quantile_0.5",54,"km_N","Std_Dev",27.2231240831849,"Fall",18,2007
"1080","quantile_0.95",54,"km_N","Std_Dev",118.994896333983,"Fall",18,2007
"1081","quantile_0.05",55,"km_N","Std_Dev",10.9261755949331,"Spring",19,2008
"1082","quantile_0.5",55,"km_N","Std_Dev",24.0789945761439,"Spring",19,2008
"1083","quantile_0.95",55,"km_N","Std_Dev",117.492746391194,"Spring",19,2008
"1084","quantile_0.05",56,"km_N","Std_Dev",14.3789794667441,"Summer",19,2008
"1085","quantile_0.5",56,"km_N","Std_Dev",26.2274434110299,"Summer",19,2008
"1086","quantile_0.95",56,"km_N","Std_Dev",99.6518561003377,"Summer",19,2008
"1087","quantile_0.05",57,"km_N","Std_Dev",12.3705417436064,"Fall",19,2008
"1088","quantile_0.5",57,"km_N","Std_Dev",23.0283093235917,"Fall",19,2008
"1089","quantile_0.95",57,"km_N","Std_Dev",107.877537658741,"Fall",19,2008
"1090","quantile_0.05",58,"km_N","Std_Dev",17.0764028809797,"Spring",20,2009
"1091","quantile_0.5",58,"km_N","Std_Dev",22.8300705476815,"Spring",20,2009
"1092","quantile_0.95",58,"km_N","Std_Dev",98.3333333333333,"Spring",20,2009
"1093","quantile_0.05",59,"km_N","Std_Dev",10.3596926751341,"Summer",20,2009
"1094","quantile_0.5",59,"km_N","Std_Dev",20.2197523189178,"Summer",20,2009
"1095","quantile_0.95",59,"km_N","Std_Dev",58.0817083812524,"Summer",20,2009
"1096","quantile_0.05",60,"km_N","Std_Dev",12.2345553018631,"Fall",20,2009
"1097","quantile_0.5",60,"km_N","Std_Dev",22.3663256985254,"Fall",20,2009
"1098","quantile_0.95",60,"km_N","Std_Dev",97.1887027354205,"Fall",20,2009
"1099","quantile_0.05",61,"km_N","Std_Dev",15.7233018867611,"Spring",21,2010
"1100","quantile_0.5",61,"km_N","Std_Dev",21.177460860189,"Spring",21,2010
"1101","quantile_0.95",61,"km_N","Std_Dev",58.5623211164436,"Spring",21,2010
"1102","quantile_0.05",62,"km_N","Std_Dev",12.9368122468832,"Summer",21,2010
"1103","quantile_0.5",62,"km_N","Std_Dev",29.0191072546792,"Summer",21,2010
"1104","quantile_0.95",62,"km_N","Std_Dev",107.356904996861,"Summer",21,2010
"1105","quantile_0.05",63,"km_N","Std_Dev",17.6311822025236,"Fall",21,2010
"1106","quantile_0.5",63,"km_N","Std_Dev",22.2176447305678,"Fall",21,2010
"1107","quantile_0.95",63,"km_N","Std_Dev",112.641325373143,"Fall",21,2010
"1108","quantile_0.05",64,"km_N","Std_Dev",15.8492742720131,"Spring",22,2011
"1109","quantile_0.5",64,"km_N","Std_Dev",20.8575616692812,"Spring",22,2011
"1110","quantile_0.95",64,"km_N","Std_Dev",64.6474510657065,"Spring",22,2011
"1111","quantile_0.05",65,"km_N","Std_Dev",9.21132372943643,"Summer",22,2011
"1112","quantile_0.5",65,"km_N","Std_Dev",25.4057974772401,"Summer",22,2011
"1113","quantile_0.95",65,"km_N","Std_Dev",73.1242715581433,"Summer",22,2011
"1114","quantile_0.05",66,"km_N","Std_Dev",12.8707639888457,"Fall",22,2011
"1115","quantile_0.5",66,"km_N","Std_Dev",21.4440780834354,"Fall",22,2011
"1116","quantile_0.95",66,"km_N","Std_Dev",98.3782640031974,"Fall",22,2011
"1117","quantile_0.05",67,"km_N","Std_Dev",14.8647097502642,"Spring",23,2012
"1118","quantile_0.5",67,"km_N","Std_Dev",18.3333333333331,"Spring",23,2012
"1119","quantile_0.95",67,"km_N","Std_Dev",45.4182304429143,"Spring",23,2012
"1120","quantile_0.05",68,"km_N","Std_Dev",15.8193718349536,"Summer",23,2012
"1121","quantile_0.5",68,"km_N","Std_Dev",19.5659981301307,"Summer",23,2012
"1122","quantile_0.95",68,"km_N","Std_Dev",108.251425912646,"Summer",23,2012
"1123","quantile_0.05",69,"km_N","Std_Dev",13.1305603902355,"Fall",23,2012
"1124","quantile_0.5",69,"km_N","Std_Dev",18.0679832909488,"Fall",23,2012
"1125","quantile_0.95",69,"km_N","Std_Dev",93.2494211534556,"Fall",23,2012
"1126","quantile_0.05",70,"km_N","Std_Dev",23.3157401206511,"Spring",24,2013
"1127","quantile_0.5",70,"km_N","Std_Dev",23.804761428476,"Spring",24,2013
"1128","quantile_0.95",70,"km_N","Std_Dev",64.4008908903809,"Spring",24,2013
"1129","quantile_0.05",71,"km_N","Std_Dev",23.9211668240123,"Summer",24,2013
"1130","quantile_0.5",71,"km_N","Std_Dev",14.2488702369802,"Summer",24,2013
"1131","quantile_0.95",71,"km_N","Std_Dev",111.217720319791,"Summer",24,2013
"1132","quantile_0.05",72,"km_N","Std_Dev",12.6605846642407,"Fall",24,2013
"1133","quantile_0.5",72,"km_N","Std_Dev",16.1647921437457,"Fall",24,2013
"1134","quantile_0.95",72,"km_N","Std_Dev",103.954632684482,"Fall",24,2013
"1135","quantile_0.05",73,"km_N","Std_Dev",12.5227066490511,"Spring",25,2014
"1136","quantile_0.5",73,"km_N","Std_Dev",19.5530875393944,"Spring",25,2014
"1137","quantile_0.95",73,"km_N","Std_Dev",66.4466064983873,"Spring",25,2014
"1138","quantile_0.05",74,"km_N","Std_Dev",19.0874515868622,"Summer",25,2014
"1139","quantile_0.5",74,"km_N","Std_Dev",14.378979466744,"Summer",25,2014
"1140","quantile_0.95",74,"km_N","Std_Dev",98.4206084192541,"Summer",25,2014
"1141","quantile_0.05",75,"km_N","Std_Dev",13.4159373037211,"Fall",25,2014
"1142","quantile_0.5",75,"km_N","Std_Dev",18.8025358272587,"Fall",25,2014
"1143","quantile_0.95",75,"km_N","Std_Dev",112.930154064225,"Fall",25,2014
"1144","quantile_0.05",76,"km_N","Std_Dev",13.5866095695712,"Spring",26,2015
"1145","quantile_0.5",76,"km_N","Std_Dev",22.383254924387,"Spring",26,2015
"1146","quantile_0.95",76,"km_N","Std_Dev",58.6011169611204,"Spring",26,2015
"1147","quantile_0.05",77,"km_N","Std_Dev",18.6998487543173,"Summer",26,2015
"1148","quantile_0.5",77,"km_N","Std_Dev",12.7227625486245,"Summer",26,2015
"1149","quantile_0.95",77,"km_N","Std_Dev",97.4420314594757,"Summer",26,2015
"1150","quantile_0.05",78,"km_N","Std_Dev",14.4337567297408,"Fall",26,2015
"1151","quantile_0.5",78,"km_N","Std_Dev",19.2192953338905,"Fall",26,2015
"1152","quantile_0.95",78,"km_N","Std_Dev",116.455165430974,"Fall",26,2015
"1153","quantile_0.05",79,"km_N","Std_Dev",13.4933578871499,"Spring",27,2016
"1154","quantile_0.5",79,"km_N","Std_Dev",17.6883800241509,"Spring",27,2016
"1155","quantile_0.95",79,"km_N","Std_Dev",54.7353596494953,"Spring",27,2016
"1156","quantile_0.05",80,"km_N","Std_Dev",24.7347034660931,"Summer",27,2016
"1157","quantile_0.5",80,"km_N","Std_Dev",17.6526531041698,"Summer",27,2016
"1158","quantile_0.95",80,"km_N","Std_Dev",107.89421493371,"Summer",27,2016
"1159","quantile_0.05",81,"km_N","Std_Dev",13.5680105059995,"Fall",27,2016
"1160","quantile_0.5",81,"km_N","Std_Dev",17.3696443675321,"Fall",27,2016
"1161","quantile_0.95",81,"km_N","Std_Dev",112.422813026934,"Fall",27,2016
"1162","quantile_0.05",82,"km_N","Std_Dev",18.6067762176076,"Spring",28,2017
"1163","quantile_0.5",82,"km_N","Std_Dev",17.0764028809796,"Spring",28,2017
"1164","quantile_0.95",82,"km_N","Std_Dev",63.9977114489811,"Spring",28,2017
"1165","quantile_0.05",83,"km_N","Std_Dev",20.3178654529864,"Summer",28,2017
"1166","quantile_0.5",83,"km_N","Std_Dev",16.3047833348363,"Summer",28,2017
"1167","quantile_0.95",83,"km_N","Std_Dev",60.5759394846208,"Summer",28,2017
"1168","quantile_0.05",84,"km_N","Std_Dev",19.6239906772556,"Fall",28,2017
"1169","quantile_0.5",84,"km_N","Std_Dev",17.7667263629674,"Fall",28,2017
"1170","quantile_0.95",84,"km_N","Std_Dev",105.607908335646,"Fall",28,2017
"1171","quantile_0.05",85,"km_N","Std_Dev",22.3874852305813,"Spring",29,2018
"1172","quantile_0.5",85,"km_N","Std_Dev",18.9430299540063,"Spring",29,2018
"1173","quantile_0.95",85,"km_N","Std_Dev",61.0182949879158,"Spring",29,2018
"1174","quantile_0.05",86,"km_N","Std_Dev",18.2297348396304,"Summer",29,2018
"1175","quantile_0.5",86,"km_N","Std_Dev",19.9288507172161,"Summer",29,2018
"1176","quantile_0.95",86,"km_N","Std_Dev",96.1148697227343,"Summer",29,2018
"1177","quantile_0.05",87,"km_N","Std_Dev",13.713795310496,"Fall",29,2018
"1178","quantile_0.5",87,"km_N","Std_Dev",13.8055580960507,"Fall",29,2018
"1179","quantile_0.95",87,"km_N","Std_Dev",118.72507712945,"Fall",29,2018
"1180","quantile_0.05",88,"km_N","Std_Dev",14.9155873995881,"Spring",30,2019
"1181","quantile_0.5",88,"km_N","Std_Dev",18.633899812498,"Spring",30,2019
"1182","quantile_0.95",88,"km_N","Std_Dev",73.630595858411,"Spring",30,2019
"1183","quantile_0.05",89,"km_N","Std_Dev",22.1963232918599,"Summer",30,2019
"1184","quantile_0.5",89,"km_N","Std_Dev",21.2889571602201,"Summer",30,2019
"1185","quantile_0.95",89,"km_N","Std_Dev",129.469586148152,"Summer",30,2019
"1186","quantile_0.05",90,"km_N","Std_Dev",13.8967149668075,"Fall",30,2019
"1187","quantile_0.5",90,"km_N","Std_Dev",18.181186857726,"Fall",30,2019
"1188","quantile_0.95",90,"km_N","Std_Dev",133.114403594969,"Fall",30,2019
"1189","quantile_0.05",91,"km_N","Std_Dev",15.445816013511,"Spring",31,2020
"1190","quantile_0.5",91,"km_N","Std_Dev",23.8365647311397,"Spring",31,2020
"1191","quantile_0.95",91,"km_N","Std_Dev",149.510142894329,"Spring",31,2020
"1192","quantile_0.05",92,"km_N","Std_Dev",15.6891360469273,"Summer",31,2020
"1193","quantile_0.5",92,"km_N","Std_Dev",19.4153823219392,"Summer",31,2020
"1194","quantile_0.95",92,"km_N","Std_Dev",69.5743734024491,"Summer",31,2020
"1195","quantile_0.05",93,"km_N","Std_Dev",15.4294582477216,"Fall",31,2020
"1196","quantile_0.5",93,"km_N","Std_Dev",20.8333333333333,"Fall",31,2020
"1197","quantile_0.95",93,"km_N","Std_Dev",141.000214914945,"Fall",31,2020
"1198","quantile_0.05",94,"km_N","Std_Dev",19.8542670273149,"Spring",32,2021
"1199","quantile_0.5",94,"km_N","Std_Dev",17.9435140641318,"Spring",32,2021
"1200","quantile_0.95",94,"km_N","Std_Dev",81.0797555970464,"Spring",32,2021
"1201","quantile_0.05",95,"km_N","Std_Dev",15.3474079014317,"Summer",32,2021
"1202","quantile_0.5",95,"km_N","Std_Dev",23.2723770885901,"Summer",32,2021
"1203","quantile_0.95",95,"km_N","Std_Dev",137.081779027755,"Summer",32,2021
"1204","quantile_0.05",96,"km_N","Std_Dev",17.7240349283514,"Fall",32,2021
"1205","quantile_0.5",96,"km_N","Std_Dev",20.4680090370165,"Fall",32,2021
"1206","quantile_0.95",96,"km_N","Std_Dev",137.589273131331,"Fall",32,2021
"1207","quantile_0.05",97,"km_N","Std_Dev",25.7758402267305,"Spring",33,2022
"1208","quantile_0.5",97,"km_N","Std_Dev",22.8024010786034,"Spring",33,2022
"1209","quantile_0.95",97,"km_N","Std_Dev",100.094652174526,"Spring",33,2022
"1210","quantile_0.05",98,"km_N","Std_Dev",14.7709789175199,"Summer",33,2022
"1211","quantile_0.5",98,"km_N","Std_Dev",18.4910570795504,"Summer",33,2022
"1212","quantile_0.95",98,"km_N","Std_Dev",111.206366996706,"Summer",33,2022
"1213","quantile_0.05",99,"km_N","Std_Dev",14.378979466744,"Fall",33,2022
"1214","quantile_0.5",99,"km_N","Std_Dev",23.3698307631652,"Fall",33,2022
"1215","quantile_0.95",99,"km_N","Std_Dev",138.730490483884,"Fall",33,2022
"1216","quantile_0.05",100,"km_N","Std_Dev",17.9276745606205,"Spring",34,2023
"1217","quantile_0.5",100,"km_N","Std_Dev",18.9280268918923,"Spring",34,2023
"1218","quantile_0.95",100,"km_N","Std_Dev",80.0788752582493,"Spring",34,2023
"1219","quantile_0.05",101,"km_N","Std_Dev",17.1225529107614,"Summer",34,2023
"1220","quantile_0.5",101,"km_N","Std_Dev",22.5784267285245,"Summer",34,2023
"1221","quantile_0.95",101,"km_N","Std_Dev",144.964946999562,"Summer",34,2023
"1222","quantile_0.05",102,"km_N","Std_Dev",16.7026127515209,"Fall",34,2023
"1223","quantile_0.5",102,"km_N","Std_Dev",23.1308858193514,"Fall",34,2023
"1224","quantile_0.95",102,"km_N","Std_Dev",141.932904905626,"Fall",34,2023
